Time, LastPrice, Volume, BestBid, BestAsk, Spread, Mid, BuyLevels, SellLevels, BuyQty, SellQty, FCF, InterestRate, BusinessCycle
1, 103.91, 1873, 103.91, 104.24, 0.329994, 104.075, 19, 4, 23096, 287, 25000, 0.15, 0.0627905
2, 133.92, 2277, 131.46, 133.92, 2.45999, 132.69, 38, 3, 46485, 230, 25000, 0.15, 0.125333
3, 145.93, 989, 145.84, 145.93, 0.0899963, 145.885, 59, 7, 67722, 762, 25000, 0.15, 0.187381
4, 170.15, 1889, 170.43, 172.18, 1.75, 171.305, 84, 8, 76192, 194, 25000, 0.15, 0.24869
5, 187.34, 635, 187.8, 190.97, 3.17, 189.385, 106, 9, 81760, 327, 25000, 0.15, 0.309017
6, 218.44, 910, 209.28, 229.03, 19.75, 219.155, 126, 3, 84004, 60, 25000, 0.15, 0.368125
7, 218.07, 1491, 221.18, 227.77, 6.59001, 224.475, 139, 5, 87632, 307, 25000, 0.15, 0.425779
8, 225.18, 2157, 225.18, 227.77, 2.59001, 226.475, 145, 13, 86854, 543, 25000, 0.15, 0.481754
9, 229.75, 1137, 229.44, 229.75, 0.309998, 229.595, 166, 17, 89039, 922, 25000, 0.15, 0.535827
10, 235.53, 1455, 230.94, 232.72, 1.78, 231.83, 178, 14, 90271, 989, 25000, 0.15, 0.587785
11, 232.09, 1379, 232.09, 232.71, 0.62001, 232.4, 189, 19, 69254, 645, 25000, 0.15, 0.637424
12, 236.86, 998, 236.86, 237.68, 0.819992, 237.27, 206, 13, 47870, 289, 25000, 0.15, 0.684547
13, 245.77, 576, 245.77, 246.46, 0.690002, 246.115, 223, 17, 31530, 949, 25000, 0.15, 0.728969
14, 245.17, 2435, 244.41, 250.93, 6.51999, 247.67, 229, 23, 25141, 669, 25000, 0.15, 0.770513
15, 251.79, 2102, 252.65, 256.95, 4.30002, 254.8, 241, 11, 27243, 440, 25000, 0.12, 0.809017
16, 254.86, 1652, 252.65, 261.77, 9.12, 257.21, 258, 10, 26705, 1172, 25000, 0.12, 0.844328
17, 262.8, 1114, 262.8, 263.32, 0.52002, 263.06, 278, 15, 29772, 1235, 25000, 0.12, 0.876307
18, 262.13, 1377, 262.13, 263.06, 0.929993, 262.595, 294, 22, 31605, 1114, 25000, 0.12, 0.904827
19, 292.52, 2267, 290.06, 292.27, 2.20999, 291.165, 306, 3, 30340, 150, 25000, 0.12, 0.929776
20, 330.97, 999, 324.04, 324.32, 0.279999, 324.18, 314, 10, 29323, 558, 25000, 0.12, 0.951057
21, 333.99, 2101, 333.99, 334.08, 0.0899963, 334.035, 327, 18, 28307, 541, 25000, 0.12, 0.968583
22, 353.11, 1383, 356.78, -1, -1, 356.78, 343, 0, 28044, 0, 25000, 0.12, 0.982287
23, 408.12, 264, 408.12, 414.48, 6.36002, 411.3, 373, 3, 25821, 96, 25000, 0.12, 0.992115
24, 403.17, 746, 401.75, 403.17, 1.42001, 402.46, 373, 15, 24094, 1190, 25000, 0.12, 0.998027
25, 397.82, 1252, 397.82, 404.21, 6.38998, 401.015, 387, 25, 19841, 1327, -25000, 0.12, 1
26, 408.41, 1193, 400.16, 408.41, 8.25, 404.285, 393, 38, 19205, 1981, -25000, 0.12, 0.998027
27, 406.76, 1315, 406.76, 415.17, 8.41, 410.965, 415, 36, 15463, 1692, -25000, 0.12, 0.992115
28, 424.7, 3015, 424.7, 427.39, 2.69, 426.045, 427, 10, 13928, 823, -25000, 0.12, 0.982287
29, 438.52, 1579, 436.33, 438.52, 2.19, 437.425, 437, 12, 14371, 1150, -25000, 0.12, 0.968583
30, 454.44, 1732, 444.61, 454.69, 10.08, 449.65, 445, 9, 14530, 1099, -25000, 0.06, 0.951056
31, 446.41, 1253, 446.41, 447.56, 1.14999, 446.985, 450, 20, 14995, 1473, -25000, 0.06, 0.929776
32, 446.66, 1133, 442.36, 446.66, 4.30002, 444.51, 470, 17, 14847, 1612, -25000, 0.06, 0.904827
33, 442.61, 1716, 442.36, 442.61, 0.25, 442.485, 476, 16, 13399, 899, -25000, 0.06, 0.876307
34, 511.4, 1915, 484.22, 495.15, 10.93, 489.685, 494, 3, 13782, 35, -25000, 0.06, 0.844328
35, 517.6, 807, 521.71, 530.55, 8.83997, 526.13, 510, 11, 11480, 171, -25000, 0.06, 0.809017
36, 545.16, 995, 542.07, 545.16, 3.08997, 543.615, 511, 9, 10635, 564, -25000, 0.06, 0.770513
37, 562.79, 1308, 555.09, 562.79, 7.69995, 558.94, 520, 12, 9274, 521, -25000, 0.06, 0.728968
38, 562.79, 886, 557.37, 558.11, 0.73999, 557.74, 526, 23, 8451, 478, -25000, 0.06, 0.684547
39, 572.24, 1237, 545.92, 572.24, 26.32, 559.08, 535, 26, 7822, 2310, -25000, 0.06, 0.637424
40, 568.34, 2163, 568.34, 575.67, 7.32996, 572.005, 539, 36, 7515, 1753, -25000, 0.06, 0.587785
41, 586.94, 2879, 586.94, 591, 4.06, 588.97, 550, 19, 7486, 1164, -25000, 0.06, 0.535827
42, 585.38, 1422, 585.38, 589.26, 3.88, 587.32, 562, 22, 6792, 1548, -25000, 0.06, 0.481754
43, 578.11, 1887, 578.11, 591.04, 12.93, 584.575, 568, 34, 6367, 1431, -25000, 0.06, 0.425779
44, 582.78, 1257, 578.05, 582.78, 4.73004, 580.415, 581, 43, 9204, 1909, -25000, 0.06, 0.368124
45, 575.59, 1888, 575.59, 578.52, 2.92999, 577.055, 593, 58, 11398, 2382, -25000, 0.01, 0.309017
46, 590.87, 2159, 579.65, 590.87, 11.22, 585.26, 602, 59, 11055, 2524, -25000, 0.01, 0.24869
47, 580.68, 1864, 580.68, 583.72, 3.03998, 582.2, 601, 62, 10624, 2690, -25000, 0.01, 0.187381
48, 576.76, 1084, 576.76, 579.67, 2.90997, 578.215, 610, 72, 11058, 2983, -25000, 0.01, 0.125333
49, 576.11, 852, 576.11, 578.97, 2.85999, 577.54, 620, 78, 11586, 4695, -25000, 0.01, 0.0627905
50, 585.55, 1448, 585.55, 587.35, 1.79999, 586.45, 636, 93, 12243, 5327, 37500, 0.01, -8.74228e-08
51, 593.66, 1201, 578.86, 593.66, 14.8, 586.26, 649, 98, 12642, 5107, 37500, 0.01, -0.0627906
52, 587.74, 740, 587.74, 592.8, 5.06, 590.27, 662, 110, 12382, 5240, 37500, 0.01, -0.125333
53, 587.18, 875, 587.18, 588.9, 1.72003, 588.04, 661, 120, 12622, 5311, 37500, 0.01, -0.187381
54, 588.27, 1927, 580.87, 588.27, 7.40002, 584.57, 673, 129, 10323, 4943, 37500, 0.01, -0.24869
55, 595.75, 2563, 580.15, 595.75, 15.6, 587.95, 682, 135, 8978, 4492, 37500, 0.01, -0.309017
56, 586.56, 1196, 586.56, 592.47, 5.90997, 589.515, 691, 152, 9091, 4976, 37500, 0.01, -0.368125
57, 606.57, 2470, 601.53, 601.74, 0.209961, 601.635, 695, 117, 9505, 3017, 37500, 0.01, -0.42578
58, 615.89, 2232, 613.81, 615.78, 1.97003, 614.795, 704, 40, 10647, 1367, 37500, 0.01, -0.481754
59, 614.65, 1197, 613.81, 614.65, 0.840027, 614.23, 722, 56, 10042, 2257, 37500, 0.01, -0.535827
60, 629.81, 2875, 629.87, 630.62, 0.75, 630.245, 727, 17, 10932, 873, 37500, 0.02, -0.587785
61, 630.81, 1743, 625.7, 630.81, 5.10999, 628.255, 740, 17, 11197, 742, 37500, 0.02, -0.637424
62, 630.34, 1024, 630.34, 635.74, 5.39996, 633.04, 747, 32, 10617, 2838, 37500, 0.02, -0.684547
63, 662.07, 2148, 623.63, 663.17, 39.54, 643.4, 752, 18, 10351, 1507, 37500, 0.02, -0.728969
64, 668.48, 806, 629.13, 658.24, 29.11, 643.685, 762, 19, 9719, 1836, 37500, 0.02, -0.770513
65, 674.92, 2294, 669.84, 670.48, 0.639954, 670.16, 775, 21, 8707, 824, 37500, 0.02, -0.809017
66, 669.61, 2397, 648.07, 675.5, 27.43, 661.785, 777, 22, 7543, 1680, 37500, 0.02, -0.844328
67, 669.31, 1479, 648.07, 689.5, 41.43, 668.785, 783, 17, 7232, 1557, 37500, 0.02, -0.876307
68, 658.45, 2950, 658.45, 663.07, 4.62, 660.76, 771, 23, 4756, 2570, 37500, 0.02, -0.904827
69, 658.3, 878, 658.3, 661.39, 3.09003, 659.845, 784, 33, 6164, 2987, 37500, 0.02, -0.929777
70, 672.28, 2319, 672.28, 680.66, 8.37994, 676.47, 801, 20, 7219, 1667, 37500, 0.02, -0.951057
71, 694.55, 3154, 677.1, 694.55, 17.45, 685.825, 814, 21, 7998, 1132, 37500, 0.02, -0.968583
72, 714.29, 2474, 714.66, 715.58, 0.920044, 715.12, 824, 16, 9247, 1860, 37500, 0.02, -0.982287
73, 701.55, 1376, 690.11, 705.01, 14.9, 697.56, 833, 29, 9426, 3349, 37500, 0.02, -0.992115
74, 701.4, 3043, 698.46, 706.57, 8.10999, 702.515, 843, 18, 11411, 2156, 37500, 0.02, -0.998027
75, 729.52, 1350, 717.89, 729.52, 11.63, 723.705, 857, 30, 12241, 3188, 37500, 0.08, -1
76, 696.9, 2174, 696.9, 705.89, 8.98999, 701.395, 859, 36, 11301, 3243, 37500, 0.08, -0.998027
77, 718.99, 652, 718.99, 722.7, 3.71002, 720.845, 876, 47, 15816, 4082, 37500, 0.08, -0.992115
78, 717.16, 1484, 717.16, 719.27, 2.11005, 718.215, 889, 60, 16620, 5952, 37500, 0.08, -0.982287
79, 706.95, 1129, 706.95, 709.1, 2.14996, 708.025, 892, 74, 15889, 6430, 37500, 0.08, -0.968583
80, 717.84, 2586, 717.84, 732.01, 14.17, 724.925, 906, 71, 15127, 5118, 37500, 0.08, -0.951056
81, 737.07, 1628, 732.7, 737.07, 4.37, 734.885, 911, 66, 12098, 4440, 37500, 0.08, -0.929776
82, 737.07, 1075, 736.86, 737.07, 0.210022, 736.965, 923, 76, 12424, 5372, 37500, 0.08, -0.904827
83, 741.55, 1505, 741.74, 741.96, 0.220032, 741.85, 926, 80, 11396, 5334, 37500, 0.08, -0.876307
84, 760.47, 2405, 745.36, 755.75, 10.39, 750.555, 928, 52, 11307, 3882, 37500, 0.08, -0.844328
85, 772.38, 1868, 758.82, 765.11, 6.28998, 761.965, 933, 46, 12025, 4366, 37500, 0.08, -0.809017
86, 774.82, 2100, 758.82, 773.55, 14.73, 766.185, 938, 44, 11972, 3425, 37500, 0.08, -0.770513
87, 763.85, 2611, 758.82, 772.78, 13.96, 765.8, 951, 53, 7890, 2826, 37500, 0.08, -0.728968
88, 764.18, 2362, 762.83, 764.18, 1.34998, 763.505, 965, 51, 7887, 2428, 37500, 0.08, -0.684547
89, 763.49, 1557, 758.82, 763.49, 4.66998, 761.155, 979, 43, 8253, 2716, 37500, 0.08, -0.637424
90, 775.75, 737, 767, 776.49, 9.48999, 771.745, 991, 52, 8875, 2851, 37500, 0.14, -0.587785
91, 783.24, 1421, 783.24, 783.5, 0.26001, 783.37, 1006, 50, 10354, 3178, 37500, 0.14, -0.535826
92, 780.68, 1934, 780.68, 787.05, 6.37, 783.865, 1023, 64, 10408, 4741, 37500, 0.14, -0.481753
93, 791.36, 1758, 790.23, 791.36, 1.13, 790.795, 1038, 73, 14014, 3417, 37500, 0.14, -0.425779
94, 782.65, 1730, 782.65, 788.7, 6.04999, 785.675, 1045, 72, 13273, 4530, 37500, 0.14, -0.368124
95, 805.43, 1345, 789.72, 802.09, 12.3701, 795.905, 1058, 73, 12570, 5201, 37500, 0.14, -0.309016
96, 812.35, 2685, 796.77, 812.35, 15.58, 804.56, 1074, 51, 12864, 2276, 37500, 0.14, -0.248689
97, 823.07, 1624, 820.48, 822.73, 2.25, 821.605, 1088, 36, 13059, 1271, 37500, 0.14, -0.187381
98, 946.75, 1381, 948.18, 950.13, 1.95001, 949.155, 1095, 14, 12949, 1544, 37500, 0.14, -0.125333
99, 914.48, 2938, 914.48, 947.53, 33.05, 931.005, 1097, 18, 11026, 2667, 37500, 0.14, -0.0627904
100, 963.16, 2246, 953.41, 965.58, 12.17, 959.495, 1104, 23, 12301, 2114, 56250, 0.14, 1.74846e-07
101, 950.09, 2314, 951.81, 964.87, 13.06, 958.34, 1113, 22, 11062, 1576, 56250, 0.14, 0.0627907
102, 978.88, 1482, 971.4, 978.88, 7.47998, 975.14, 1127, 23, 10185, 1825, 56250, 0.14, 0.125333
103, 1004.47, 1103, 971.4, 1004.47, 33.0699, 987.935, 1148, 18, 8534, 1462, 56250, 0.14, 0.187382
104, 985.64, 1769, 985.64, 998.72, 13.08, 992.18, 1152, 14, 9138, 1097, 56250, 0.14, 0.24869
105, 992.98, 418, 989.65, 998.27, 8.62, 993.96, 1166, 26, 10017, 3287, 56250, 0.15, 0.309017
106, 998.42, 1392, 998.42, 1014.13, 15.71, 1006.28, 1174, 32, 9087, 3004, 56250, 0.15, 0.368125
107, 985.64, 1310, 985.64, 1007.6, 21.96, 996.62, 1179, 37, 8774, 3440, 56250, 0.15, 0.42578
108, 985.41, 1839, 985.41, 1003.31, 17.9, 994.36, 1186, 52, 8503, 3833, 56250, 0.15, 0.481754
109, 975.7, 1198, 975.7, 1004.88, 29.18, 990.29, 1187, 57, 8659, 3769, 56250, 0.15, 0.535827
110, 1044.42, 2534, 1035.33, 1037.94, 2.60999, 1036.64, 1211, 30, 9130, 2372, 56250, 0.15, 0.587786
111, 1059.4, 2003, 1042.12, 1059.4, 17.28, 1050.76, 1228, 25, 10124, 1294, 56250, 0.15, 0.637424
112, 1013.9, 1791, 1010.4, 1013.9, 3.5, 1012.15, 1216, 35, 9035, 1711, 56250, 0.15, 0.684547
113, 991.57, 2120, 991.57, 999.82, 8.25, 995.695, 1215, 41, 7943, 1838, 56250, 0.15, 0.728969
114, 998.99, 2468, 998.99, 1003.71, 4.72003, 1001.35, 1223, 50, 8295, 3789, 56250, 0.15, 0.770514
115, 1038.71, 3420, 1001.77, 1041.74, 39.97, 1021.76, 1235, 47, 8016, 2371, 56250, 0.15, 0.809017
116, 1008.06, 3256, 1008.06, 1012.32, 4.26001, 1010.19, 1247, 43, 9020, 1301, 56250, 0.15, 0.844328
117, 1081.07, 1805, 1070.58, 1080.7, 10.12, 1075.64, 1258, 19, 9214, 542, 56250, 0.15, 0.876307
118, 1092.42, 2147, 1063.23, 1092.42, 29.1901, 1077.82, 1268, 31, 9924, 1821, 56250, 0.15, 0.904827
119, 1100.28, 1529, 1082.8, 1100.28, 17.48, 1091.54, 1273, 25, 10998, 2264, 56250, 0.15, 0.929777
120, 1036.37, 2364, 1036.37, 1054.7, 18.33, 1045.53, 1278, 36, 9271, 2850, 56250, 0.1, 0.951057
121, 1044.71, 1592, 1031.94, 1053.15, 21.2101, 1042.54, 1271, 42, 10908, 3803, 56250, 0.1, 0.968583
122, 1066, 1183, 1066, 1069.67, 3.67004, 1067.83, 1284, 47, 11339, 3892, 56250, 0.1, 0.982287
123, 1070.01, 857, 1069.01, 1070.01, 1, 1069.51, 1291, 66, 10738, 4288, 56250, 0.1, 0.992115
124, 1037.26, 2666, 1037.26, 1050.14, 12.88, 1043.7, 1281, 84, 8250, 5159, 56250, 0.1, 0.998027
125, 1023.82, 1080, 1023.82, 1040.04, 16.22, 1031.93, 1290, 97, 7024, 6487, -56250, 0.1, 1
126, 1035.67, 1910, 1035.67, 1037.13, 1.45996, 1036.4, 1298, 106, 7090, 6957, -56250, 0.1, 0.998027
127, 1035.34, 1309, 1035.34, 1035.87, 0.530029, 1035.6, 1314, 110, 7712, 7183, -56250, 0.1, 0.992115
128, 1027.51, 1851, 1012.94, 1027.51, 14.57, 1020.22, 1327, 120, 9242, 6761, -56250, 0.1, 0.982287
129, 1037.35, 991, 1037.35, 1055.86, 18.51, 1046.6, 1343, 125, 11716, 5710, -56250, 0.1, 0.968583
130, 1071.03, 2722, 1037.35, 1071.03, 33.6801, 1054.19, 1356, 116, 11277, 4646, -56250, 0.1, 0.951056
131, 1083.53, 1753, 1058.8, 1082.03, 23.23, 1070.42, 1372, 97, 10179, 3675, -56250, 0.1, 0.929776
132, 1120.15, 3897, 1088.86, 1095.6, 6.73999, 1092.23, 1384, 74, 8619, 1767, -56250, 0.1, 0.904827
133, 1067.73, 2059, 1067.73, 1094.19, 26.46, 1080.96, 1388, 71, 9809, 1353, -56250, 0.1, 0.876306
134, 1226.58, 2566, 1229.8, 1245.7, 15.8999, 1237.75, 1406, 5, 12261, 322, -56250, 0.1, 0.844328
135, 1220.04, 1484, 1214.63, 1220.04, 5.41003, 1217.33, 1417, 14, 12797, 1723, -56250, 0.04, 0.809017
136, 1187.53, 1516, 1187.53, 1208.2, 20.6699, 1197.86, 1414, 23, 10527, 2110, -56250, 0.04, 0.770513
137, 1227.09, 1761, 1226.82, 1227.09, 0.27002, 1226.95, 1428, 30, 11534, 1536, -56250, 0.04, 0.728968
138, 1175.39, 1693, 1216.63, 1226.34, 9.70996, 1221.48, 1429, 38, 9932, 1692, -56250, 0.04, 0.684547
139, 1248.33, 1405, 1244.37, 1248.33, 3.95996, 1246.35, 1445, 40, 10833, 1741, -56250, 0.04, 0.637423
140, 1242.46, 1773, 1242.46, 1259.13, 16.67, 1250.79, 1459, 35, 11621, 1377, -56250, 0.04, 0.587785
141, 1276.76, 865, 1270.25, 1272.33, 2.07996, 1271.29, 1470, 39, 13006, 2378, -56250, 0.04, 0.535826
142, 1283.43, 2144, 1255.07, 1283.43, 28.3601, 1269.25, 1476, 38, 12823, 2447, -56250, 0.04, 0.481753
143, 1282.48, 2018, 1282.48, 1285.42, 2.94006, 1283.95, 1490, 42, 12347, 2789, -56250, 0.04, 0.425779
144, 1269.02, 2287, 1269.02, 1282.72, 13.7, 1275.87, 1489, 58, 9789, 5756, -56250, 0.04, 0.368124
145, 1304.6, 883, 1269.02, 1293.74, 24.72, 1281.38, 1498, 62, 10125, 6238, -56250, 0.04, 0.309016
146, 1293.91, 1764, 1293.91, 1300.07, 6.15991, 1296.99, 1500, 64, 9694, 5934, -56250, 0.04, 0.248689
147, 1310.72, 961, 1294.6, 1306.71, 12.11, 1300.66, 1511, 69, 9157, 5930, -56250, 0.04, 0.18738
148, 1304.68, 1302, 1304.68, 1306.71, 2.02991, 1305.7, 1520, 79, 9038, 6263, -56250, 0.04, 0.125332
149, 1325.12, 3262, 1325.14, 1325.83, 0.689941, 1325.48, 1529, 59, 7992, 3653, -56250, 0.04, 0.0627896
150, 1322.24, 3070, 1297.49, 1322.24, 24.75, 1309.86, 1536, 45, 5266, 2701, 84375, 0.01, -2.38498e-08
151, 1244.4, 3229, 1244.4, 1255.95, 11.5499, 1250.18, 1503, 56, 2516, 3658, 84375, 0.01, -0.0627906
152, 1215.09, 3290, 1214.43, 1214.78, 0.349976, 1214.6, 1466, 68, 1514, 4200, 84375, 0.01, -0.125333
153, 1201.54, 1580, 1199.18, 1200.11, 0.929932, 1199.65, 1467, 70, 4818, 4794, 84375, 0.01, -0.187381
154, 1202.45, 1709, 1202.45, 1214.78, 12.3301, 1208.61, 1485, 82, 9485, 5198, 84375, 0.01, -0.24869
155, 1233.09, 635, 1232.36, 1233.09, 0.72998, 1232.72, 1503, 96, 11325, 5836, 84375, 0.01, -0.309017
156, 1222.12, 646, 1222.12, 1241.81, 19.6901, 1231.97, 1516, 103, 12702, 5990, 84375, 0.01, -0.368125
157, 1254.78, 1654, 1234.42, 1254.78, 20.36, 1244.6, 1519, 107, 12500, 6251, 84375, 0.01, -0.425779
158, 1266.04, 1945, 1207.57, 1266.04, 58.4701, 1236.8, 1514, 103, 12458, 5499, 84375, 0.01, -0.481754
159, 1220.38, 660, 1226.37, 1237.04, 10.67, 1231.71, 1527, 112, 13450, 6471, 84375, 0.01, -0.535827
160, 1254.08, 1776, 1237.47, 1254.08, 16.61, 1245.77, 1544, 117, 14750, 5049, 84375, 0.01, -0.587785
161, 1214.86, 2441, 1214.86, 1226.09, 11.23, 1220.47, 1546, 119, 13403, 5071, 84375, 0.01, -0.637424
162, 1222.7, 1424, 1222.7, 1243.51, 20.8101, 1233.1, 1557, 131, 13751, 5486, 84375, 0.01, -0.684547
163, 1265.8, 1887, 1259.27, 1265.8, 6.53003, 1262.54, 1572, 142, 11234, 5749, 84375, 0.01, -0.728969
164, 1299.54, 5373, 1295.49, 1297.58, 2.08997, 1296.53, 1581, 93, 6208, 2217, 84375, 0.01, -0.770513
165, 1335.68, 4704, 1343.87, 1344.66, 0.790039, 1344.27, 1584, 65, 6843, 413, 84375, 0.04, -0.809017
166, 1460.24, 2286, 1402.75, 1457.57, 54.8199, 1430.16, 1598, 17, 11201, 230, 84375, 0.04, -0.844328
167, 1554.69, 1473, 1574.93, 1575.76, 0.829956, 1575.34, 1621, 15, 13546, 3245, 84375, 0.04, -0.876307
168, 1541.13, 4130, 1541.13, 1575.76, 34.63, 1558.45, 1628, 30, 12290, 2379, 84375, 0.04, -0.904827
169, 1571.76, 987, 1551.36, 1571.76, 20.4, 1561.56, 1629, 38, 14227, 3278, 84375, 0.04, -0.929777
170, 1612.89, 2733, 1589.52, 1611.41, 21.89, 1600.47, 1643, 26, 14177, 1945, 84375, 0.04, -0.951057
171, 1634.36, 2124, 1610, 1619.69, 9.68994, 1614.84, 1650, 31, 13829, 1359, 84375, 0.04, -0.968583
172, 1665.98, 1558, 1657.72, 1658.55, 0.830078, 1658.14, 1656, 19, 13111, 926, 84375, 0.04, -0.982287
173, 1740.87, 2479, 1712.42, 1730.87, 18.45, 1721.65, 1668, 14, 14208, 631, 84375, 0.04, -0.992115
174, 1791.71, 3490, 1776.91, 1791.71, 14.7999, 1784.31, 1678, 18, 12825, 1464, 84375, 0.04, -0.998027
175, 1797.71, 1959, 1797.71, 1799.01, 1.30005, 1798.36, 1685, 16, 11233, 1428, 84375, 0.04, -1
176, 1847.39, 1865, 1817.67, 1847.39, 29.72, 1832.53, 1704, 15, 8080, 1195, 84375, 0.04, -0.998027
177, 1759.1, 2508, 1759.1, 1786.3, 27.2001, 1772.7, 1694, 28, 6382, 1848, 84375, 0.04, -0.992115
178, 1733.85, 4906, 1733.85, 1766.45, 32.6, 1750.15, 1684, 33, 7710, 2647, 84375, 0.04, -0.982287
179, 1815.14, 1520, 1764.95, 1800.72, 35.77, 1782.83, 1689, 42, 4960, 3033, 84375, 0.04, -0.968583
180, 1803.13, 1860, 1773.88, 1805.16, 31.28, 1789.52, 1685, 50, 4946, 6215, 84375, 0.1, -0.951056
181, 1824.61, 2406, 1768.38, 1824.61, 56.23, 1796.49, 1694, 51, 4987, 7050, 84375, 0.1, -0.929776
182, 1784.25, 1175, 1765.7, 1784.25, 18.55, 1774.97, 1702, 64, 6734, 9643, 84375, 0.1, -0.904827
183, 1781.78, 905, 1781.78, 1784.25, 2.46997, 1783.02, 1720, 79, 8759, 9422, 84375, 0.1, -0.876306
184, 1824.27, 3396, 1741.82, 1824.27, 82.4501, 1783.04, 1720, 71, 8279, 8061, 84375, 0.1, -0.844327
185, 1740.65, 382, 1747.16, 1747.24, 0.0799561, 1747.2, 1730, 88, 9371, 8930, 84375, 0.1, -0.809016
186, 1779.48, 1506, 1735.36, 1770.37, 35.01, 1752.86, 1737, 98, 9720, 9488, 84375, 0.1, -0.770513
187, 1728.83, 1915, 1728.83, 1746.1, 17.27, 1737.46, 1742, 109, 10021, 9316, 84375, 0.1, -0.728968
188, 1785.84, 1106, 1785.29, 1785.84, 0.549927, 1785.56, 1752, 114, 9872, 9623, 84375, 0.1, -0.684546
189, 1796.59, 1457, 1765.85, 1813.54, 47.6901, 1789.7, 1763, 94, 10953, 8432, 84375, 0.1, -0.637423
190, 1793.18, 2786, 1793.18, 1824.05, 30.87, 1808.61, 1784, 97, 13643, 4804, 84375, 0.1, -0.587784
191, 1854.33, 2241, 1825.66, 1838.04, 12.38, 1831.85, 1790, 85, 14344, 2823, 84375, 0.1, -0.535826
192, 1851.17, 1713, 1825.66, 1844.84, 19.1799, 1835.25, 1792, 87, 12456, 2441, 84375, 0.1, -0.481753
193, 1811.74, 1844, 1811.74, 1845.91, 34.17, 1828.82, 1808, 96, 14040, 5840, 84375, 0.1, -0.425779
194, 1866.35, 969, 1817.72, 1851, 33.28, 1834.36, 1809, 97, 14011, 5702, 84375, 0.1, -0.368124
195, 1901.35, 1955, 1852.62, 1898.68, 46.0601, 1875.65, 1816, 53, 13274, 5474, 84375, 0.15, -0.309017
196, 1865.08, 829, 1865.08, 1869.16, 4.08008, 1867.12, 1825, 67, 13784, 5639, 84375, 0.15, -0.24869
197, 1826.71, 2602, 1826.71, 1884.63, 57.92, 1855.67, 1826, 78, 13808, 5512, 84375, 0.15, -0.187381
198, 1911.32, 1580, 1859.1, 1902.04, 42.9401, 1880.57, 1828, 83, 11948, 5974, 84375, 0.15, -0.125333
199, 1810.07, 1854, 1810.07, 1902.04, 91.9701, 1856.05, 1822, 96, 9688, 7185, 84375, 0.15, -0.0627902
200, 1896.19, 1382, 1896.19, 1900.69, 4.5, 1898.44, 1829, 105, 6987, 7542, 126563, 0.15, 3.49691e-07
201, 1895.78, 1226, 1895.78, 1897.06, 1.28003, 1896.42, 1838, 117, 7934, 7852, 126563, 0.15, 0.0627909
202, 1921.45, 1198, 1887.91, 1903.49, 15.58, 1895.7, 1853, 126, 8103, 9208, 126563, 0.15, 0.125334
203, 1905.04, 966, 1894.27, 1905.04, 10.77, 1899.66, 1868, 136, 6976, 9551, 126563, 0.15, 0.187382
204, 1912.09, 1248, 1903.42, 1909.89, 6.46997, 1906.66, 1880, 141, 6474, 9206, 126563, 0.15, 0.24869
205, 1951.71, 1973, 1895.35, 1918.83, 23.48, 1907.09, 1890, 139, 6721, 8238, 126563, 0.15, 0.309017
206, 1926.37, 1256, 1912.23, 1924.31, 12.0801, 1918.27, 1906, 145, 7066, 8494, 126563, 0.15, 0.368125
207, 1913.45, 887, 1907.5, 1913.45, 5.94995, 1910.47, 1916, 151, 6458, 7676, 126563, 0.15, 0.42578
208, 1903.22, 1117, 1911.16, 1924.92, 13.76, 1918.04, 1921, 164, 6828, 7807, 126563, 0.15, 0.481754
209, 1977.54, 4138, 1922.12, 1952.17, 30.05, 1937.15, 1927, 118, 8509, 5191, 126563, 0.15, 0.535827
210, 1954.93, 1085, 1931.08, 1954.93, 23.8501, 1943.01, 1932, 128, 9590, 6171, 126563, 0.14, 0.587786
211, 1964.03, 1641, 1933.59, 1960.28, 26.6901, 1946.94, 1936, 123, 8925, 5677, 126563, 0.14, 0.637424
212, 1991.42, 3329, 1960.35, 1990.42, 30.0701, 1975.39, 1947, 83, 9417, 3584, 126563, 0.14, 0.684548
213, 1929.96, 1262, 1932.7, 1933.91, 1.21008, 1933.3, 1954, 99, 8686, 4798, 126563, 0.14, 0.728969
214, 1934.39, 2476, 1903.35, 1934.39, 31.04, 1918.87, 1951, 101, 6773, 5098, 126563, 0.14, 0.770514
215, 1924.39, 1794, 1903.65, 1949.75, 46.1, 1926.7, 1964, 102, 9866, 3888, 126563, 0.14, 0.809017
216, 1902.77, 1021, 1900.82, 1902.77, 1.95007, 1901.79, 1973, 120, 10243, 6068, 126563, 0.14, 0.844328
217, 1900.82, 930, 1913.54, 1923.25, 9.70996, 1918.4, 1990, 129, 10297, 7298, 126563, 0.14, 0.876307
218, 1865.85, 3426, 1881.76, 1927.59, 45.83, 1904.68, 1977, 132, 9171, 7262, 126563, 0.14, 0.904827
219, 1853.35, 2962, 1868.96, 1870.5, 1.54004, 1869.73, 1960, 145, 9027, 7865, 126563, 0.14, 0.929777
220, 1868.13, 836, 1868.85, 1872.62, 3.77002, 1870.73, 1971, 149, 9866, 8409, 126563, 0.14, 0.951057
221, 1825.5, 1767, 1855.43, 1883.97, 28.5399, 1869.7, 1959, 148, 10309, 7629, 126563, 0.14, 0.968583
222, 1846.94, 2485, 1853.81, 1859.67, 5.85999, 1856.74, 1966, 154, 10055, 7354, 126563, 0.14, 0.982287
223, 1864.49, 1497, 1853.43, 1864.49, 11.0599, 1858.96, 1978, 163, 10137, 6848, 126563, 0.14, 0.992115
224, 1832.41, 3097, 1837.68, 1890.53, 52.85, 1864.1, 1948, 157, 9909, 5607, 126563, 0.14, 0.998027
225, 1802.1, 3568, 1821.57, 1890.53, 68.9601, 1856.05, 1911, 160, 6404, 5786, -126563, 0.08, 1
226, 1812.41, 1982, 1812.73, 1829.85, 17.12, 1821.29, 1899, 169, 7036, 4439, -126563, 0.08, 0.998027
227, 1910.78, 2176, 1906.97, 1907.46, 0.48999, 1907.21, 1910, 171, 8359, 3085, -126563, 0.08, 0.992115
228, 1896.53, 2089, 1884.88, 1928.6, 43.72, 1906.74, 1920, 183, 7790, 5326, -126563, 0.08, 0.982287
229, 1873.02, 1385, 1861.18, 1873.02, 11.84, 1867.1, 1917, 201, 7380, 6975, -126563, 0.08, 0.968583
230, 1838.86, 2782, 1826.01, 1843.9, 17.89, 1834.96, 1923, 200, 7375, 6559, -126563, 0.08, 0.951056
231, 1768.84, 5873, 1768.45, 1768.57, 0.119995, 1768.51, 1855, 205, 3923, 7189, -126563, 0.08, 0.929776
232, 1712.69, 2633, 1719.94, 1727.09, 7.15002, 1723.51, 1789, 212, 4487, 7428, -126563, 0.08, 0.904827
233, 1659.82, 2740, 1664.44, 1667.2, 2.76001, 1665.82, 1728, 218, 3905, 7596, -126563, 0.08, 0.876306
234, 1641.11, 1826, 1638.95, 1639.79, 0.840088, 1639.37, 1717, 226, 4952, 7175, -126563, 0.08, 0.844327
235, 1669.36, 2805, 1638.95, 1669.36, 30.41, 1654.16, 1727, 240, 5025, 7760, -126563, 0.08, 0.809017
236, 1630.94, 1619, 1630.13, 1630.66, 0.530029, 1630.4, 1740, 255, 6588, 9275, -126563, 0.08, 0.770513
237, 1584.68, 3320, 1603.39, 1606.3, 2.91003, 1604.84, 1734, 261, 9221, 9198, -126563, 0.08, 0.728968
238, 1655.9, 1671, 1655.9, 1668.36, 12.46, 1662.13, 1740, 264, 11855, 5937, -126563, 0.08, 0.684547
239, 1655.9, 1367, 1655.9, 1686.71, 30.8099, 1671.3, 1755, 266, 12584, 5470, -126563, 0.08, 0.637424
240, 1669.44, 2109, 1654.43, 1669.44, 15.0099, 1661.94, 1760, 279, 12940, 6567, -126563, 0.02, 0.587785
241, 1705.98, 3546, 1677.92, 1705.98, 28.0599, 1691.95, 1766, 271, 14169, 6175, -126563, 0.02, 0.535826
242, 1703.5, 1606, 1674.74, 1703.5, 28.76, 1689.12, 1778, 284, 13514, 6092, -126563, 0.02, 0.481753
243, 1624, 3869, 1624, 1661.35, 37.35, 1642.68, 1768, 295, 10471, 7143, -126563, 0.02, 0.425779
244, 1668.13, 3895, 1667.24, 1668.13, 0.890015, 1667.69, 1770, 306, 9570, 8599, -126563, 0.02, 0.368124
245, 1687.12, 2306, 1671.04, 1687.12, 16.08, 1679.08, 1776, 309, 10210, 8457, -126563, 0.02, 0.309016
246, 1737.45, 2210, 1690.66, 1715.34, 24.6799, 1703, 1790, 297, 9694, 7991, -126563, 0.02, 0.248689
247, 1742.81, 482, 1712.52, 1715.67, 3.15002, 1714.09, 1809, 308, 11826, 10766, -126563, 0.02, 0.187381
248, 1764.3, 2628, 1725.59, 1732.67, 7.08008, 1729.13, 1812, 287, 10040, 11206, -126563, 0.02, 0.125333
249, 1733.61, 2633, 1728.24, 1733.61, 5.37, 1730.93, 1821, 293, 11331, 9892, -126563, 0.02, 0.0627899
250, 1779.09, 3363, 1725.09, 1753.45, 28.36, 1739.27, 1829, 272, 12411, 8847, 189845, 0.02, -6.75532e-07
251, 1786.36, 2332, 1725.09, 1766.11, 41.02, 1745.6, 1829, 270, 11920, 7532, 189845, 0.02, -0.0627912
252, 1770.46, 1395, 1721.01, 1770.27, 49.26, 1745.64, 1843, 269, 13740, 7352, 189845, 0.02, -0.125334
253, 1817.75, 2350, 1779.51, 1789.5, 9.98999, 1784.51, 1847, 259, 15630, 6634, 189845, 0.02, -0.187382
254, 1916.3, 2834, 1874.46, 1902.35, 27.89, 1888.41, 1858, 236, 15925, 4588, 189845, 0.02, -0.248691
255, 1804, 1731, 1804, 1839.46, 35.46, 1821.73, 1865, 247, 15785, 5510, 189845, 0.01, -0.309018
256, 1839.46, 936, 1790.95, 1803.57, 12.62, 1797.26, 1872, 265, 15051, 8088, 189845, 0.01, -0.368125
257, 1803.38, 3100, 1782.38, 1803.38, 21, 1792.88, 1879, 259, 9723, 7545, 189845, 0.01, -0.42578
258, 1831.55, 3008, 1809.68, 1870.2, 60.5199, 1839.94, 1881, 259, 10184, 4789, 189845, 0.01, -0.481754
259, 1765.74, 3714, 1765.74, 1821.65, 55.91, 1793.7, 1877, 259, 7520, 6175, 189845, 0.01, -0.535828
260, 1780.25, 1790, 1780.25, 1829.59, 49.34, 1804.92, 1886, 270, 9995, 7081, 189845, 0.01, -0.587786
261, 1775.15, 2445, 1775.15, 1788.33, 13.1799, 1781.74, 1889, 286, 10671, 9276, 189845, 0.01, -0.637425
262, 1846.1, 1104, 1800.81, 1846.1, 45.2899, 1823.46, 1904, 287, 10083, 10463, 189845, 0.01, -0.684548
263, 1846.82, 1886, 1836.51, 1846.82, 10.3099, 1841.67, 1916, 296, 11742, 9569, 189845, 0.01, -0.728969
264, 1858.49, 3487, 1845.76, 1858.49, 12.73, 1852.12, 1930, 300, 12471, 11085, 189845, 0.01, -0.770514
265, 1837.07, 2608, 1837.07, 1867.29, 30.2201, 1852.18, 1948, 302, 15857, 11147, 189845, 0.01, -0.809018
266, 1846.81, 772, 1846.81, 1856.94, 10.1299, 1851.88, 1959, 315, 16339, 11555, 189845, 0.01, -0.844329
267, 1859.6, 1391, 1846.81, 1859.6, 12.7899, 1853.21, 1975, 324, 16963, 11155, 189845, 0.01, -0.876307
268, 1851.43, 2409, 1851.43, 1854.86, 3.42993, 1853.15, 1965, 334, 15888, 11482, 189845, 0.01, -0.904828
269, 1821.65, 3080, 1809.47, 1858.82, 49.35, 1834.15, 1966, 330, 16800, 9083, 189845, 0.01, -0.929777
270, 1802.02, 1956, 1802.02, 1814.09, 12.0699, 1808.05, 1971, 340, 12875, 11952, 189845, 0.06, -0.951057
271, 1814.09, 3245, 1807.46, 1814.09, 6.63, 1810.77, 1971, 351, 11837, 10968, 189845, 0.06, -0.968583
272, 1788.53, 1996, 1788.53, 1826.72, 38.1899, 1807.62, 1982, 356, 13121, 9335, 189845, 0.06, -0.982287
273, 1788.53, 1643, 1788.53, 1820.97, 32.4399, 1804.75, 1998, 364, 12819, 11281, 189845, 0.06, -0.992115
274, 1820.97, 4347, 1795.61, 1820.97, 25.36, 1808.29, 2012, 381, 14872, 8996, 189845, 0.06, -0.998027
275, 1757.3, 5158, 1780.15, 1799.2, 19.0499, 1789.68, 2007, 385, 13517, 8841, 189845, 0.06, -1
276, 1782.3, 3282, 1778.41, 1782.3, 3.89001, 1780.35, 2012, 398, 16104, 9349, 189845, 0.06, -0.998027
277, 1778.41, 5192, 1778.41, 1797.35, 18.9399, 1787.88, 2023, 405, 17123, 8385, 189845, 0.06, -0.992115
278, 1797.56, 1671, 1777.67, 1797.56, 19.89, 1787.61, 2036, 423, 17338, 9012, 189845, 0.06, -0.982287
279, 1766.56, 2689, 1766.01, 1766.51, 0.5, 1766.26, 2016, 426, 17415, 9244, 189845, 0.06, -0.968583
280, 1748.9, 4828, 1754.85, 1755.31, 0.460083, 1755.08, 1983, 428, 14813, 7950, 189845, 0.06, -0.951056
281, 1731.55, 1519, 1748.16, 1759.67, 11.51, 1753.92, 1977, 432, 16970, 9943, 189845, 0.06, -0.929776
282, 1706.44, 6106, 1733.04, 1759.67, 26.63, 1746.35, 1936, 432, 11619, 9739, 189845, 0.06, -0.904826
283, 1715.92, 2535, 1726.76, 1759.67, 32.91, 1743.22, 1939, 433, 13676, 9257, 189845, 0.06, -0.876306
284, 1715.05, 1276, 1718.23, 1739.45, 21.22, 1728.84, 1933, 440, 16764, 8334, 189845, 0.06, -0.844327
285, 1706.49, 2505, 1705.8, 1705.85, 0.0499268, 1705.82, 1925, 452, 15166, 9274, 189845, 0.12, -0.809016
286, 1605.13, 5214, 1655.57, 1661.83, 6.26001, 1658.7, 1858, 452, 17408, 8923, 189845, 0.12, -0.770512
287, 1710.61, 3860, 1701.88, 1750.77, 48.89, 1726.32, 1869, 451, 17709, 6875, 189845, 0.12, -0.728967
288, 1621.49, 1147, 1642.48, 1660.66, 18.1801, 1651.57, 1862, 462, 18881, 8227, 189845, 0.12, -0.684546
289, 1627.82, 3696, 1633.6, 1680.07, 46.47, 1656.83, 1867, 469, 18244, 8525, 189845, 0.12, -0.637423
290, 1725.34, 2557, 1688.97, 1717.19, 28.22, 1703.08, 1880, 475, 17882, 8095, 189845, 0.12, -0.587784
291, 1714.01, 2079, 1655.56, 1725.34, 69.7799, 1690.45, 1879, 479, 16728, 6412, 189845, 0.12, -0.535825
292, 1696.78, 1639, 1663.62, 1696.78, 33.16, 1680.2, 1888, 490, 15468, 7106, 189845, 0.12, -0.481752
293, 1580.91, 5357, 1610.27, 1613.94, 3.66992, 1612.1, 1862, 493, 10113, 10829, 189845, 0.12, -0.425778
294, 1485.41, 6428, 1478.46, 1481.85, 3.39001, 1480.16, 1669, 503, 9186, 11753, 189845, 0.12, -0.368123
295, 1439.51, 1469, 1440.16, 1440.57, 0.409912, 1440.36, 1654, 514, 10633, 14499, 189845, 0.12, -0.309015
296, 1421.87, 2828, 1422.45, 1432.13, 9.68005, 1427.29, 1655, 518, 6367, 14515, 189845, 0.12, -0.248688
297, 1349.66, 3058, 1352.62, 1353.53, 0.910034, 1353.07, 1627, 521, 15329, 15240, 189845, 0.12, -0.187379
298, 1407.04, 1816, 1407.04, 1411.1, 4.05994, 1409.07, 1641, 525, 19823, 16092, 189845, 0.12, -0.125331
299, 1435.59, 3201, 1428.59, 1433.96, 5.37, 1431.27, 1651, 538, 21362, 15844, 189845, 0.12, -0.0627905
300, 1424.9, 1880, 1424.9, 1448.46, 23.5599, 1436.68, 1670, 541, 22748, 14402, 284768, 0.15, 4.76995e-08
301, 1411.55, 2272, 1411.55, 1446.09, 34.5399, 1428.82, 1675, 551, 21474, 13448, 284768, 0.15, 0.0627906
302, 1477.89, 4593, 1472.75, 1477.89, 5.14001, 1475.32, 1683, 532, 23755, 10465, 284768, 0.15, 0.125333
303, 1453.9, 6318, 1453.9, 1483.16, 29.26, 1468.53, 1666, 529, 24063, 5211, 284768, 0.15, 0.187381
304, 1485.38, 2871, 1476.83, 1485.38, 8.55005, 1481.1, 1678, 521, 24169, 2974, 284768, 0.15, 0.24869
305, 1498.12, 960, 1467.31, 1497.37, 30.0599, 1482.34, 1687, 531, 26149, 10304, 284768, 0.15, 0.309017
306, 1500.64, 2621, 1433.03, 1497.51, 64.48, 1465.27, 1688, 542, 24488, 11222, 284768, 0.15, 0.368125
307, 1411.64, 1703, 1411.64, 1422.43, 10.79, 1417.04, 1691, 557, 17030, 13752, 284768, 0.15, 0.425779
308, 1451.81, 2148, 1465.9, 1469.49, 3.58997, 1467.7, 1702, 557, 18679, 14552, 284768, 0.15, 0.481754
309, 1428.07, 4551, 1409.03, 1460.94, 51.9099, 1434.98, 1707, 555, 19208, 12908, 284768, 0.15, 0.535827
310, 1420.45, 2941, 1420.45, 1449.56, 29.1101, 1435.01, 1719, 569, 20592, 14215, 284768, 0.15, 0.587785
311, 1442.45, 2449, 1432.85, 1442.45, 9.59998, 1437.65, 1736, 586, 24793, 15494, 284768, 0.15, 0.637424
312, 1497.51, 5675, 1436.57, 1451.98, 15.41, 1444.27, 1745, 564, 27609, 11474, 284768, 0.15, 0.684547
313, 1507.96, 4326, 1489.16, 1502.7, 13.5399, 1495.93, 1753, 558, 24402, 10011, 284768, 0.15, 0.728969
314, 1502.7, 3075, 1496.99, 1502.7, 5.70996, 1499.84, 1765, 573, 23085, 9250, 284768, 0.15, 0.770513
315, 1480.67, 4429, 1473.53, 1480.67, 7.14001, 1477.1, 1771, 584, 22811, 7269, 284768, 0.12, 0.809017
316, 1480.63, 2990, 1480.63, 1480.67, 0.0400391, 1480.65, 1785, 598, 23984, 6091, 284768, 0.12, 0.844328
317, 1482.93, 3079, 1470.21, 1482.93, 12.7201, 1476.57, 1793, 607, 26683, 7317, 284768, 0.12, 0.876307
318, 1467.75, 1621, 1467.75, 1474.17, 6.42004, 1470.96, 1806, 618, 25813, 9321, 284768, 0.12, 0.904827
319, 1516.29, 6483, 1516.31, 1516.63, 0.319946, 1516.47, 1815, 582, 24734, 5381, 284768, 0.12, 0.929777
320, 1530.94, 3024, 1519.26, 1525.56, 6.30005, 1522.41, 1821, 575, 23662, 5936, 284768, 0.12, 0.951057
321, 1531.38, 1034, 1532.8, 1533.64, 0.839966, 1533.22, 1835, 567, 31771, 7402, 284768, 0.12, 0.968583
322, 1565.88, 2800, 1539.29, 1545.08, 5.78992, 1542.19, 1837, 564, 28813, 6591, 284768, 0.12, 0.982287
323, 1589.29, 2104, 1573.26, 1579.36, 6.09998, 1576.31, 1838, 551, 28919, 7480, 284768, 0.12, 0.992115
324, 1601.93, 3454, 1579.09, 1597.85, 18.76, 1588.47, 1846, 555, 29326, 6302, 284768, 0.12, 0.998027
325, 1643.6, 2592, 1609.02, 1625.31, 16.29, 1617.17, 1855, 548, 28938, 5141, -284768, 0.12, 1
326, 1614.98, 1184, 1609.02, 1635.33, 26.3099, 1622.18, 1869, 552, 30173, 5763, -284768, 0.12, 0.998027
327, 1646.55, 3256, 1634.1, 1646.45, 12.35, 1640.27, 1887, 553, 24885, 4666, -284768, 0.12, 0.992115
328, 1697.34, 3765, 1697.54, 1702.06, 4.52002, 1699.8, 1894, 536, 22144, 5533, -284768, 0.12, 0.982287
329, 1714.41, 2539, 1682.7, 1708.25, 25.55, 1695.47, 1903, 540, 23315, 5344, -284768, 0.12, 0.968583
330, 1676.31, 2673, 1668.26, 1676.31, 8.05005, 1672.29, 1911, 553, 22606, 7582, -284768, 0.06, 0.951056
331, 1672.23, 1680, 1653.78, 1673.8, 20.02, 1663.79, 1922, 566, 19013, 9334, -284768, 0.06, 0.929776
332, 1653.78, 3274, 1653.78, 1701.13, 47.35, 1677.46, 1932, 569, 19484, 10392, -284768, 0.06, 0.904827
333, 1676.26, 1071, 1667.02, 1686.8, 19.78, 1676.91, 1949, 575, 21177, 10217, -284768, 0.06, 0.876306
334, 1669.55, 1300, 1665.25, 1669.55, 4.30005, 1667.4, 1961, 591, 23034, 10432, -284768, 0.06, 0.844327
335, 1701.13, 6057, 1645.69, 1656.43, 10.7401, 1651.06, 1939, 588, 17895, 9908, -284768, 0.06, 0.809016
336, 1689.9, 2867, 1689.9, 1701.13, 11.23, 1695.52, 1949, 599, 17899, 9130, -284768, 0.06, 0.770513
337, 1718.94, 4964, 1691.73, 1718.23, 26.5, 1704.98, 1962, 593, 18626, 6215, -284768, 0.06, 0.728968
338, 1799.77, 7471, 1731.11, 1795.92, 64.8101, 1763.52, 1969, 471, 20031, 1424, -284768, 0.06, 0.684546
339, 1825.64, 2601, 1826.45, 1826.81, 0.360107, 1826.63, 1978, 449, 23112, 1862, -284768, 0.06, 0.637423
340, 2061.42, 2894, 2102.27, 2104.17, 1.8999, 2103.22, 1991, 55, 22949, 1056, -284768, 0.06, 0.587784
341, 2134.89, 2193, 2110.7, 2124.99, 14.29, 2117.84, 1999, 63, 15963, 3341, -284768, 0.06, 0.535826
342, 2201.67, 2353, 2120.85, 2190.66, 69.8098, 2155.75, 2010, 43, 21165, 2421, -284768, 0.06, 0.481753
343, 2222.06, 2629, 2153.65, 2198.05, 44.4001, 2175.85, 2018, 57, 21737, 2287, -284768, 0.06, 0.425778
344, 2317.23, 1755, 2311.88, 2314.91, 3.03003, 2313.4, 2039, 23, 24338, 3000, -284768, 0.06, 0.368123
345, 2188.59, 3209, 2121.16, 2188.59, 67.4302, 2154.88, 2026, 36, 21878, 6225, -284768, 0.01, 0.309016
346, 2132.87, 1783, 2129.24, 2149.01, 19.77, 2139.12, 2036, 48, 22376, 5634, -284768, 0.01, 0.248689
347, 2128.66, 2501, 2128.66, 2141.23, 12.5701, 2134.94, 2043, 58, 19736, 6916, -284768, 0.01, 0.18738
348, 2231.89, 4319, 2156.09, 2231.89, 75.7998, 2193.99, 2054, 47, 21164, 4308, -284768, 0.01, 0.125332
349, 2272.7, 1870, 2231.46, 2272.7, 41.24, 2252.08, 2066, 34, 21156, 4203, -284768, 0.01, 0.0627892
350, 2148.21, 3024, 2150.57, 2175.95, 25.3799, 2163.26, 2081, 40, 20077, 7939, 427152, 0.01, -1.32722e-06
351, 2149.55, 1206, 2132.12, 2149.55, 17.4299, 2140.83, 2097, 56, 21799, 11338, 427152, 0.01, -0.0627919
352, 2140.85, 2029, 2140.85, 2153.38, 12.5298, 2147.11, 2112, 69, 18873, 12077, 427152, 0.01, -0.125335
353, 2132.12, 6151, 2132.12, 2142.54, 10.4199, 2137.33, 2124, 77, 21048, 13306, 427152, 0.01, -0.187383
354, 2143.59, 1608, 2132.12, 2156.13, 24.0098, 2144.12, 2140, 85, 21663, 12543, 427152, 0.01, -0.248691
355, 2103.18, 5971, 2107.26, 2156.13, 48.8699, 2131.69, 2118, 88, 17210, 11778, 427152, 0.01, -0.309018
356, 2160.05, 2225, 2160.05, 2160.78, 0.72998, 2160.42, 2132, 86, 21741, 11757, 427152, 0.01, -0.368126
357, 2087.13, 2411, 2101.74, 2132.33, 30.5901, 2117.04, 2128, 94, 32168, 12260, 427152, 0.01, -0.425781
358, 2189.09, 1458, 2181.55, 2189.09, 7.54004, 2185.32, 2143, 104, 36003, 14737, 427152, 0.01, -0.481755
359, 2152.49, 2380, 2176.5, 2188.67, 12.1699, 2182.58, 2148, 109, 34985, 14642, 427152, 0.01, -0.535828
360, 2101.74, 5347, 2101.74, 2160.2, 58.46, 2130.97, 2147, 118, 32558, 11217, 427152, 0.02, -0.587787
361, 2143.48, 1049, 2120.5, 2143.48, 22.98, 2131.99, 2164, 128, 34587, 10975, 427152, 0.02, -0.637425
362, 2072.77, 2690, 2097.62, 2168.61, 70.99, 2133.12, 2152, 138, 30540, 11710, 427152, 0.02, -0.684548
363, 2064.57, 5209, 2081.56, 2093.33, 11.77, 2087.45, 2121, 143, 26332, 8499, 427152, 0.02, -0.72897
364, 2091.09, 6032, 2081.56, 2091.09, 9.53003, 2086.33, 2128, 158, 24066, 12911, 427152, 0.02, -0.770514
365, 2138.49, 5356, 2138.49, 2141.97, 3.47998, 2140.23, 2143, 148, 26436, 8425, 427152, 0.02, -0.809018
366, 2217.44, 4485, 2217.5, 2218.02, 0.52002, 2217.76, 2153, 122, 23483, 6373, 427152, 0.02, -0.844329
367, 2222.99, 3069, 2209.49, 2221.91, 12.4199, 2215.7, 2157, 129, 10606, 7971, 427152, 0.02, -0.876308
368, 2339.1, 4792, 2302.69, 2310.9, 8.20996, 2306.79, 2159, 55, 10577, 5267, 427152, 0.02, -0.904828
369, 2349.31, 2980, 2351.07, 2360.34, 9.27002, 2355.71, 2167, 44, 17309, 8705, 427152, 0.02, -0.929777
370, 2420.87, 3506, 2393.46, 2403.38, 9.91992, 2398.42, 2172, 44, 16727, 9562, 427152, 0.02, -0.951057
371, 2407.97, 2596, 2367.27, 2407.97, 40.7, 2387.62, 2181, 51, 15585, 8859, 427152, 0.02, -0.968584
372, 2367.84, 3836, 2300.42, 2367.84, 67.4202, 2334.13, 2177, 63, 13747, 8803, 427152, 0.02, -0.982288
373, 2328.88, 2307, 2266.59, 2328.88, 62.2898, 2297.73, 2170, 85, 11673, 13649, 427152, 0.02, -0.992115
374, 2315.75, 4065, 2315.75, 2350.21, 34.46, 2332.98, 2178, 91, 12802, 12545, 427152, 0.02, -0.998027
375, 2266.35, 1360, 2266.35, 2275.41, 9.05981, 2270.88, 2193, 105, 13695, 14730, 427153, 0.08, -1
376, 2294.48, 1358, 2278.36, 2294.48, 16.1199, 2286.42, 2208, 116, 16475, 16321, 427153, 0.08, -0.998027
377, 2276.17, 2000, 2276.17, 2294.48, 18.3101, 2285.32, 2231, 129, 19869, 16977, 427153, 0.08, -0.992114
378, 2254.65, 3351, 2254.65, 2297.84, 43.1902, 2276.25, 2241, 135, 31347, 17154, 427153, 0.08, -0.982287
379, 2254.65, 2265, 2254.65, 2281.41, 26.76, 2268.03, 2250, 144, 24188, 15530, 427153, 0.08, -0.968583
380, 2277.31, 4326, 2263.52, 2297.17, 33.6499, 2280.34, 2265, 148, 23194, 13720, 427153, 0.08, -0.951056
381, 2296.44, 1374, 2308.48, 2308.57, 0.0900879, 2308.52, 2277, 149, 27902, 13643, 427153, 0.08, -0.929776
382, 2254.65, 5858, 2254.65, 2322.46, 67.8101, 2288.55, 2278, 156, 26424, 12226, 427153, 0.08, -0.904826
383, 2273.53, 2086, 2273.42, 2273.53, 0.110107, 2273.48, 2287, 168, 28432, 9701, 427153, 0.08, -0.876306
384, 2324.85, 2214, 2255.77, 2324.85, 69.0801, 2290.31, 2299, 171, 26584, 9643, 427153, 0.08, -0.844327
385, 2299.25, 1620, 2299.25, 2335.18, 35.9299, 2317.21, 2303, 170, 25913, 7344, 427153, 0.08, -0.809017
386, 2234.96, 8205, 2239.61, 2241.94, 2.32983, 2240.77, 2286, 178, 17324, 7590, 427153, 0.08, -0.770513
387, 2208.65, 6071, 2236.85, 2241.63, 4.77979, 2239.24, 2292, 181, 16966, 6381, 427153, 0.08, -0.728968
388, 2224.31, 4535, 2230.56, 2242.32, 11.76, 2236.44, 2292, 182, 16791, 4971, 427153, 0.08, -0.684547
389, 2265.24, 2341, 2265.24, 2279.8, 14.5601, 2272.52, 2303, 197, 18291, 9374, 427153, 0.08, -0.637424
390, 2310.56, 2535, 2272.76, 2310.56, 37.8, 2291.66, 2311, 201, 17265, 7512, 427153, 0.14, -0.587785
391, 2209.5, 6334, 2218.78, 2245.63, 26.8499, 2232.21, 2285, 209, 12633, 13392, 427153, 0.14, -0.535826
392, 2219.93, 4219, 2219.93, 2245.63, 25.7, 2232.78, 2296, 222, 10875, 11228, 427153, 0.14, -0.481753
393, 2213.4, 4855, 2218.49, 2245.63, 27.1399, 2232.06, 2308, 235, 13289, 9086, 427153, 0.14, -0.425779
394, 2219.77, 2517, 2219.77, 2228, 8.22998, 2223.89, 2320, 242, 15846, 9474, 427153, 0.14, -0.368124
395, 2262.51, 4552, 2262.51, 2262.56, 0.0500488, 2262.54, 2332, 257, 18424, 11580, 427153, 0.14, -0.309016
396, 2287.23, 6441, 2287.23, 2309.68, 22.45, 2298.46, 2342, 241, 21290, 8620, 427153, 0.14, -0.248689
397, 2366.19, 9307, 2361.46, 2364.46, 3, 2362.96, 2355, 149, 21770, 1267, 427153, 0.14, -0.187381
398, 2410.08, 4708, 2410.1, 2410.99, 0.889893, 2410.54, 2375, 87, 17061, 2010, 427153, 0.14, -0.125333
399, 2488, 4804, 2472.02, 2472.11, 0.0900879, 2472.06, 2382, 44, 17242, 4986, 427153, 0.14, -0.0627898
400, 2588.34, 3518, 2557.6, 2568.88, 11.2798, 2563.24, 2386, 40, 17562, 5198, 640730, 0.14, 6.99382e-07
401, 2456.76, 3776, 2456.76, 2469.81, 13.05, 2463.29, 2393, 54, 19405, 7939, 640730, 0.14, 0.0627912
402, 2456.76, 4831, 2456.76, 2469.74, 12.98, 2463.25, 2403, 56, 24509, 6103, 640730, 0.14, 0.125334
403, 2745.54, 5414, 2747.89, 2748.76, 0.870117, 2748.32, 2421, 28, 25857, 3036, 640730, 0.14, 0.187382
404, 2849.4, 1796, 2850.2, 2854.94, 4.73999, 2852.57, 2434, 22, 24915, 2815, 640730, 0.14, 0.248691
405, 2980.33, 2962, 2962.89, 2965.02, 2.13013, 2963.96, 2449, 16, 26997, 4335, 640730, 0.15, 0.309018
406, 3040.82, 3899, 3052.27, 3053.65, 1.37988, 3052.96, 2458, 18, 24295, 5648, 640730, 0.15, 0.368125
407, 2980.91, 2025, 2956.95, 2980.91, 23.96, 2968.93, 2465, 30, 22615, 6628, 640730, 0.15, 0.42578
408, 3071.33, 1268, 3018.45, 3071.33, 52.8801, 3044.89, 2481, 30, 33324, 16360, 640730, 0.15, 0.481754
409, 3082.51, 5677, 3079.11, 3082.51, 3.3999, 3080.81, 2494, 37, 33651, 13563, 640730, 0.15, 0.535828
410, 3082.51, 3584, 3060.9, 3082.51, 21.6101, 3071.71, 2508, 48, 33794, 13995, 640730, 0.15, 0.587786
411, 3054.88, 1064, 3054.88, 3064.06, 9.18018, 3059.47, 2520, 59, 34027, 14622, 640730, 0.15, 0.637425
412, 3033.41, 1825, 3038.25, 3064.06, 25.8101, 3051.16, 2524, 74, 34575, 15442, 640730, 0.15, 0.684548
413, 3056.51, 1156, 3056.51, 3071.58, 15.0701, 3064.04, 2539, 90, 31519, 17425, 640730, 0.15, 0.728969
414, 3082.51, 3546, 3057.33, 3082.51, 25.1799, 3069.92, 2553, 94, 29262, 16136, 640730, 0.15, 0.770514
415, 3022.16, 4392, 3020.99, 3022.16, 1.16992, 3021.57, 2525, 104, 26866, 15748, 640730, 0.15, 0.809018
416, 3020.99, 1704, 3020.99, 3055.36, 34.3701, 3038.18, 2547, 111, 28647, 16752, 640730, 0.15, 0.844329
417, 3055.42, 2040, 3005.89, 3055.42, 49.53, 3030.65, 2557, 117, 30254, 18000, 640730, 0.15, 0.876307
418, 3005.89, 1084, 3005.89, 3022.52, 16.6301, 3014.21, 2567, 133, 20682, 15689, 640730, 0.15, 0.904828
419, 3019.28, 2019, 3024.92, 3055.42, 30.5, 3040.17, 2579, 143, 23606, 17080, 640730, 0.15, 0.929777
420, 3055.42, 2759, 3023.72, 3055.42, 31.7, 3039.57, 2574, 158, 25988, 18693, 640730, 0.1, 0.951057
421, 3072.67, 2539, 3025.43, 3072.67, 47.24, 3049.05, 2598, 162, 28971, 18008, 640730, 0.1, 0.968583
422, 3022.56, 735, 3022.56, 3072.67, 50.1099, 3047.61, 2613, 177, 23538, 21454, 640730, 0.1, 0.982287
423, 3104.37, 7840, 3070.24, 3094.39, 24.1499, 3082.31, 2624, 158, 24328, 12587, 640730, 0.1, 0.992115
424, 3106.96, 6480, 3107.12, 3109.2, 2.07983, 3108.16, 2636, 143, 26157, 8239, 640730, 0.1, 0.998027
425, 3129.6, 3547, 3092.17, 3120.31, 28.1401, 3106.24, 2646, 134, 23650, 7720, -640731, 0.1, 1
426, 3183.77, 3637, 3130.72, 3147.05, 16.3301, 3138.89, 2654, 85, 27654, 7215, -640731, 0.1, 0.998027
427, 3190.71, 3095, 3130.72, 3165.16, 34.4399, 3147.94, 2664, 70, 22016, 8962, -640731, 0.1, 0.992115
428, 3169.92, 5327, 3130.72, 3167.2, 36.48, 3148.96, 2677, 76, 21210, 13611, -640731, 0.1, 0.982287
429, 3234.04, 6245, 3151.52, 3181.46, 29.9399, 3166.49, 2694, 73, 26619, 9600, -640731, 0.1, 0.968583
430, 3251.28, 4220, 3203.36, 3206.47, 3.10986, 3204.92, 2718, 64, 23615, 9751, -640731, 0.1, 0.951056
431, 3185.06, 2078, 3162.44, 3185.06, 22.6201, 3173.75, 2728, 75, 18762, 12747, -640731, 0.1, 0.929776
432, 3149.04, 2732, 3149.04, 3154.08, 5.04004, 3151.56, 2738, 89, 20617, 17468, -640731, 0.1, 0.904826
433, 3207.04, 3720, 3149.04, 3159.37, 10.3301, 3154.21, 2755, 97, 20527, 20184, -640731, 0.1, 0.876306
434, 3271.62, 1494, 3219.58, 3244.52, 24.9399, 3232.05, 2764, 75, 22335, 19539, -640731, 0.1, 0.844327
435, 3271.82, 2173, 3238.66, 3245.82, 7.16016, 3242.24, 2778, 88, 21018, 20045, -640731, 0.04, 0.809016
436, 3276.35, 4989, 3270.35, 3272.67, 2.31982, 3271.51, 2789, 73, 25004, 13042, -640731, 0.04, 0.770512
437, 3345.03, 10409, 3347.67, 3348.79, 1.12012, 3348.23, 2806, 45, 27577, 4482, -640731, 0.04, 0.728967
438, 3351.88, 3241, 3347.67, 3351.88, 4.20996, 3349.77, 2822, 47, 25133, 3424, -640731, 0.04, 0.684546
439, 3451.5, 4925, 3423.17, 3450.79, 27.6201, 3436.98, 2831, 25, 20350, 1396, -640731, 0.04, 0.637423
440, 3503.9, 2353, 3508.05, 3508.61, 0.560059, 3508.33, 2847, 19, 25721, 2651, -640731, 0.04, 0.587784
441, 3710.62, 4821, 3731.75, 3763.04, 31.29, 3747.4, 2864, 13, 26076, 910, -640731, 0.04, 0.535825
442, 3769.24, 1701, 3769.24, 3792.77, 23.53, 3781, 2873, 18, 23940, 2340, -640731, 0.04, 0.481752
443, 4118.48, 2761, 4072.05, 4118.48, 46.4299, 4095.27, 2886, 5, 24866, 2774, -640731, 0.04, 0.425778
444, 4205.54, 3982, 4094.04, 4205.54, 111.5, 4149.79, 2903, 5, 23364, 3265, -640731, 0.04, 0.368123
445, 4097.13, 2899, 4097.13, 4124.5, 27.3701, 4110.81, 2910, 19, 21671, 3605, -640731, 0.04, 0.309015
446, 4239.82, 3642, 4213.5, 4239.82, 26.3198, 4226.66, 2926, 17, 26573, 2870, -640731, 0.04, 0.248688
447, 4360, 2501, 4295.87, 4327.53, 31.6597, 4311.7, 2934, 12, 25389, 1977, -640731, 0.04, 0.187379
448, 4539.53, 2696, 4375.54, 4425.99, 50.4502, 4400.77, 2944, 5, 24877, 132, -640731, 0.04, 0.125331
449, 4439.6, 1662, 4439.6, 4523.94, 84.3398, 4481.77, 2959, 11, 25917, 2745, -640731, 0.04, 0.0627886
450, 4375.54, 1754, 4375.54, 4407.68, 32.1401, 4391.61, 2966, 23, 20160, 4648, 961097, 0.01, -1.9789e-06
451, 4415.1, 4319, 4415.1, 4479.15, 64.0498, 4447.12, 2962, 30, 17340, 5944, 961097, 0.01, -0.0627925
452, 4301.74, 796, 4298.27, 4362.14, 63.8701, 4330.21, 2964, 44, 16347, 6690, 961097, 0.01, -0.125335
453, 4371.28, 3554, 4371.28, 4385.43, 14.1504, 4378.35, 2972, 36, 17379, 5656, 961097, 0.01, -0.187383
454, 4319.3, 4742, 4318.84, 4319.3, 0.459961, 4319.07, 2961, 38, 15782, 5800, 961097, 0.01, -0.248692
455, 4426.55, 2307, 4426.55, 4477.71, 51.1602, 4452.13, 2976, 38, 20348, 5143, 961097, 0.01, -0.309019
456, 4541.62, 2270, 4516.78, 4541.62, 24.8403, 4529.2, 2993, 43, 13753, 9362, 961097, 0.01, -0.368127
457, 4559.74, 1888, 4551.11, 4554.77, 3.66016, 4552.94, 3007, 49, 15507, 13678, 961097, 0.01, -0.425781
458, 4554.77, 4981, 4524.9, 4554.77, 29.8701, 4539.83, 3017, 58, 18509, 9510, 961097, 0.01, -0.481756
459, 4563.46, 1848, 4541.73, 4563.46, 21.73, 4552.59, 3028, 69, 22690, 11102, 961097, 0.01, -0.535829
460, 4598.51, 1429, 4541.73, 4587.79, 46.0601, 4564.76, 3031, 75, 24967, 15730, 961097, 0.01, -0.587787
461, 4624.21, 1574, 4603.91, 4621.57, 17.6597, 4612.74, 3038, 67, 25200, 15187, 961097, 0.01, -0.637426
462, 4630.83, 3576, 4541.73, 4622.86, 81.1299, 4582.29, 3040, 79, 23788, 14409, 961097, 0.01, -0.684549
463, 4632.47, 777, 4600.32, 4629.84, 29.52, 4615.08, 3042, 86, 24708, 18334, 961097, 0.01, -0.72897
464, 4642.08, 1118, 4596.35, 4642.08, 45.73, 4619.21, 3052, 88, 24933, 17741, 961097, 0.01, -0.770515
465, 4541.73, 2179, 4541.73, 4568.82, 27.0898, 4555.27, 3061, 106, 18988, 18929, 961097, 0.04, -0.809018
466, 4541.73, 3028, 4541.73, 4598.09, 56.3599, 4569.91, 3069, 114, 15157, 18582, 961097, 0.04, -0.844329
467, 4643.8, 1680, 4628.9, 4643.8, 14.8999, 4636.35, 3084, 125, 16014, 17722, 961097, 0.04, -0.876308
468, 4695.76, 1343, 4647.45, 4685.59, 38.1396, 4666.52, 3099, 106, 14727, 16967, 961097, 0.04, -0.904828
469, 4541.73, 4993, 4541.73, 4646.84, 105.11, 4594.29, 3096, 116, 11441, 17684, 961097, 0.04, -0.929777
470, 4489.33, 1036, 4520.53, 4536.29, 15.7603, 4528.41, 3094, 122, 10325, 12372, 961097, 0.04, -0.951057
471, 4751.1, 4494, 4701.01, 4705.54, 4.53027, 4703.27, 3102, 107, 17007, 10890, 961097, 0.04, -0.968583
472, 4757.25, 3964, 4742.69, 4755.13, 12.4399, 4748.91, 3104, 81, 16517, 7728, 961097, 0.04, -0.982287
473, 4969.3, 3928, 4821.55, 4843.26, 21.71, 4832.4, 3111, 52, 17111, 4990, 961097, 0.04, -0.992115
474, 5195.19, 2990, 5069.2, 5173.97, 104.77, 5121.58, 3116, 43, 15895, 4719, 961097, 0.04, -0.998027
475, 5609.62, 3953, 5552.74, 5584.93, 32.1899, 5568.83, 3134, 22, 20435, 11676, 961098, 0.04, -1
476, 5711.7, 5218, 5664.15, 5691.73, 27.5801, 5677.94, 3145, 16, 21049, 7660, 961098, 0.04, -0.998027
477, 5506.78, 2160, 5506.78, 5571.71, 64.9302, 5539.25, 3145, 27, 20083, 9935, 961098, 0.04, -0.992115
478, 5559.97, 2366, 5387.2, 5493.28, 106.08, 5440.24, 3145, 38, 17082, 10527, 961098, 0.04, -0.982287
479, 5385.32, 7372, 5161.24, 5398.26, 237.02, 5279.75, 3122, 44, 10897, 11318, 961098, 0.04, -0.968583
480, 5548.37, 3582, 5483.21, 5548.37, 65.1602, 5515.79, 3131, 52, 9722, 13572, 961098, 0.1, -0.951056
481, 5558.48, 2097, 5558.48, 5574.45, 15.9702, 5566.46, 3151, 58, 10621, 14348, 961098, 0.1, -0.929776
482, 5691.73, 2178, 5669.38, 5691.73, 22.3501, 5680.55, 3169, 68, 13208, 16338, 961098, 0.1, -0.904827
483, 5634, 1426, 5633.58, 5634, 0.419922, 5633.79, 3177, 83, 12009, 17592, 961098, 0.1, -0.876306
484, 5567.78, 1110, 5625.45, 5691.73, 66.2798, 5658.59, 3193, 91, 12623, 17384, 961098, 0.1, -0.844327
485, 5691.73, 6369, 5617.68, 5691.73, 74.0498, 5654.71, 3202, 100, 7091, 14499, 961098, 0.1, -0.809016
486, 5749.02, 2691, 5617.68, 5732.06, 114.38, 5674.87, 3203, 101, 7105, 13682, 961098, 0.1, -0.770513
487, 5785.11, 3589, 5761.43, 5771.53, 10.0996, 5766.48, 3209, 94, 7718, 10408, 961098, 0.1, -0.728968
488, 5558.48, 1072, 5558.48, 5612.2, 53.7202, 5585.34, 3209, 107, 8085, 11278, 961098, 0.1, -0.684546
489, 5843.82, 3297, 5787.99, 5794.56, 6.56982, 5791.28, 3217, 104, 8262, 12730, 961098, 0.1, -0.637423
490, 5794.56, 1977, 5640.1, 5708.89, 68.79, 5674.5, 3223, 113, 17731, 12864, 961098, 0.1, -0.587784
491, 5785.34, 1947, 5785.34, 5791.4, 6.06006, 5788.37, 3237, 120, 18697, 11900, 961098, 0.1, -0.535826
492, 5850.91, 2635, 5837.01, 5838.98, 1.97021, 5838, 3244, 117, 18216, 11587, 961098, 0.1, -0.481753
493, 5967.91, 4727, 5812.2, 5956.6, 144.4, 5884.4, 3247, 73, 17280, 9079, 961098, 0.1, -0.425778
494, 6003.97, 4125, 5946.23, 5996.48, 50.25, 5971.35, 3245, 66, 13871, 8904, 961098, 0.1, -0.368123
495, 5633.25, 2521, 5633.25, 5941.08, 307.83, 5787.17, 3237, 76, 13089, 9584, 961098, 0.15, -0.309016
496, 6006.52, 4154, 6006.52, 6047.31, 40.79, 6026.92, 3255, 73, 16684, 7368, 961098, 0.15, -0.248689
497, 6173.77, 1767, 6093.42, 6105.51, 12.0898, 6099.46, 3265, 75, 18631, 7998, 961098, 0.15, -0.18738
498, 6174.29, 2786, 6177.91, 6178.42, 0.509766, 6178.17, 3271, 67, 17936, 10861, 961098, 0.15, -0.125332
499, 6349.6, 4517, 6206.38, 6271.57, 65.1899, 6238.97, 3276, 49, 18619, 7275, 961098, 0.15, -0.0627892
500, 6086.27, 1648, 6069.92, 6189.02, 119.1, 6129.47, 3293, 63, 9408, 9447, 1441647, 0.15, 1.35106e-06
501, 6132.91, 1895, 6086.58, 6132.91, 46.3301, 6109.75, 3305, 73, 11658, 10759, 1441647, 0.15, 0.0627919
502, 5966.24, 3995, 5966.24, 6027.05, 60.8096, 5996.65, 3301, 78, 11932, 11520, 1441647, 0.15, 0.125335
503, 6007.25, 905, 5996.07, 6007.25, 11.1802, 6001.66, 3321, 91, 20886, 11788, 1441647, 0.15, 0.187383
504, 6155.03, 5502, 6092.6, 6171.19, 78.5898, 6131.9, 3311, 91, 17981, 11863, 1441647, 0.15, 0.248691
505, 5983.38, 2504, 5983.38, 6044.51, 61.1299, 6013.94, 3322, 102, 19095, 14163, 1441647, 0.15, 0.309018
506, 5901.84, 2181, 5901.84, 6002.62, 100.78, 5952.23, 3322, 117, 18790, 15376, 1441647, 0.15, 0.368126
507, 5991.2, 2630, 5991.2, 6066.6, 75.3999, 6028.9, 3338, 117, 19559, 11887, 1441647, 0.15, 0.425781
508, 5843.72, 3007, 5899.49, 5923.3, 23.8096, 5911.4, 3343, 133, 22099, 13039, 1441647, 0.15, 0.481755
509, 5990.68, 5274, 5899.49, 5990.68, 91.1899, 5945.08, 3351, 144, 21641, 9748, 1441647, 0.15, 0.535828
510, 5974.6, 3135, 5960.69, 5974.6, 13.9102, 5967.65, 3364, 155, 20394, 9286, 1441647, 0.14, 0.587787
511, 5963.92, 3268, 5899.25, 6005.83, 106.58, 5952.54, 3366, 169, 18902, 15697, 1441647, 0.14, 0.637425
512, 5771.43, 2694, 5869.92, 5912.29, 42.3701, 5891.1, 3352, 183, 17258, 17404, 1441647, 0.14, 0.684548
513, 5975.61, 2659, 5918.17, 5953.8, 35.6299, 5935.98, 3364, 190, 11463, 16359, 1441647, 0.14, 0.72897
514, 5826.45, 3526, 5844.24, 5936.41, 92.1699, 5890.33, 3348, 193, 9289, 15929, 1441647, 0.14, 0.770514
515, 6025.5, 5154, 5841.95, 5885.03, 43.0796, 5863.49, 3359, 194, 11453, 10996, 1441647, 0.14, 0.809018
516, 6052.92, 1122, 6048.77, 6052.92, 4.1499, 6050.84, 3370, 202, 11200, 14705, 1441647, 0.14, 0.844329
517, 6064.67, 1253, 6021.68, 6064.67, 42.9897, 6043.17, 3384, 208, 14795, 17118, 1441647, 0.14, 0.876308
518, 6123.79, 11482, 6090.08, 6118, 27.9199, 6104.04, 3390, 192, 14536, 7240, 1441647, 0.14, 0.904828
519, 6209.56, 4171, 6196.99, 6204.33, 7.33984, 6200.66, 3398, 164, 13145, 11433, 1441647, 0.14, 0.929777
520, 6159.86, 1753, 6019.93, 6159.86, 139.93, 6089.9, 3403, 176, 17896, 16272, 1441647, 0.14, 0.951057
521, 6211.37, 1858, 6019.93, 6210.23, 190.3, 6115.08, 3403, 181, 17850, 18277, 1441647, 0.14, 0.968584
522, 6210.23, 2355, 6190.31, 6210.23, 19.9199, 6200.27, 3419, 191, 19615, 17559, 1441647, 0.14, 0.982288
523, 6020.57, 989, 6020.57, 6024.22, 3.65039, 6022.4, 3432, 207, 20944, 18033, 1441647, 0.14, 0.992115
524, 6118.61, 2387, 6039.91, 6118.61, 78.6997, 6079.26, 3445, 215, 20334, 18098, 1441647, 0.14, 0.998027
525, 6096.76, 1075, 6096.76, 6099.08, 2.32031, 6097.92, 3458, 217, 24607, 18978, -1441650, 0.08, 1
526, 6192.59, 4042, 6173.95, 6192.59, 18.6396, 6183.27, 3461, 225, 18591, 19117, -1441650, 0.08, 0.998027
527, 6298.46, 2736, 6202.25, 6242.16, 39.9102, 6222.21, 3478, 211, 21781, 14155, -1441650, 0.08, 0.992114
528, 6334.22, 4090, 6247.95, 6328.78, 80.8296, 6288.37, 3483, 148, 24593, 11831, -1441650, 0.08, 0.982287
529, 6383.61, 2098, 6343.6, 6353.48, 9.87988, 6348.54, 3488, 144, 24743, 13716, -1441650, 0.08, 0.968583
530, 5917.02, 2844, 5989.22, 6032.2, 42.98, 6010.71, 3479, 159, 19680, 16110, -1441650, 0.08, 0.951056
531, 5989.22, 4139, 5989.22, 6017.92, 28.6997, 6003.57, 3494, 171, 21467, 14424, -1441650, 0.08, 0.929776
532, 5938.31, 3787, 5952.6, 6017.92, 65.3198, 5985.26, 3483, 180, 20012, 12839, -1441650, 0.08, 0.904826
533, 5991.74, 3671, 5991.74, 6086.73, 94.9897, 6039.24, 3498, 183, 25089, 11766, -1441650, 0.08, 0.876306
534, 6146.96, 1610, 6049.02, 6146.96, 97.9399, 6097.99, 3511, 190, 26104, 11416, -1441650, 0.08, 0.844327
535, 6058.87, 3351, 6049.5, 6058.87, 9.37012, 6054.19, 3524, 200, 22117, 14902, -1441650, 0.08, 0.809016
536, 5896.9, 6420, 5924.57, 5956.72, 32.1504, 5940.65, 3499, 215, 17013, 16858, -1441650, 0.08, 0.770512
537, 6067.49, 1852, 5943.48, 6067.49, 124.01, 6005.49, 3511, 229, 15944, 16121, -1441650, 0.08, 0.728967
538, 5878.6, 3231, 5882.86, 5887.38, 4.52002, 5885.12, 3489, 243, 17262, 15345, -1441650, 0.08, 0.684545
539, 5881.62, 3453, 5881.62, 6044.89, 163.27, 5963.25, 3494, 246, 18431, 11074, -1441650, 0.08, 0.637422
540, 5849, 1752, 5852.69, 5864.27, 11.5801, 5858.48, 3486, 248, 16382, 9806, -1441650, 0.02, 0.587783
541, 5766.59, 6795, 5791.5, 5796.74, 5.24023, 5794.12, 3402, 257, 8927, 9893, -1441650, 0.02, 0.535825
542, 5998.11, 2129, 5985.12, 5998.11, 12.9897, 5991.62, 3414, 265, 8699, 11422, -1441650, 0.02, 0.481752
543, 5846.37, 1731, 5846.37, 5870.85, 24.48, 5858.61, 3417, 266, 9246, 12734, -1441650, 0.02, 0.425777
544, 6092.15, 4478, 5832, 6092.15, 260.15, 5962.08, 3425, 261, 9943, 8735, -1441650, 0.02, 0.368122
545, 6080.69, 2453, 6080.69, 6121.69, 41, 6101.19, 3428, 256, 9393, 13042, -1441650, 0.02, 0.309015
546, 5774.07, 2478, 5781.04, 5821.67, 40.6299, 5801.35, 3422, 270, 13769, 12099, -1441650, 0.02, 0.248687
547, 5751.69, 3991, 5757.05, 5819.79, 62.7402, 5788.42, 3390, 289, 10756, 13110, -1441650, 0.02, 0.187379
548, 5596.99, 6694, 5621.25, 5768.4, 147.15, 5694.83, 3296, 293, 4512, 13063, -1441650, 0.02, 0.125331
549, 5507.82, 2556, 5525.68, 5654.54, 128.86, 5590.11, 3251, 295, 5605, 13347, -1441650, 0.02, 0.0627879
550, 5020.94, 5282, 5119.77, 5176.16, 56.3901, 5147.96, 3146, 305, 3749, 14059, 2162475, 0.02, -2.63058e-06
551, 5134.01, 1276, 5134.01, 5194.77, 60.7603, 5164.39, 3160, 315, 8519, 16736, 2162475, 0.02, -0.0627932
552, 5081.6, 6011, 5069.53, 5072.29, 2.76025, 5070.91, 3162, 327, 8095, 15622, 2162475, 0.02, -0.125336
553, 4844.99, 4765, 4835.95, 4844.21, 8.25977, 4840.08, 3138, 337, 7186, 15824, 2162475, 0.02, -0.187384
554, 4726.12, 3159, 4817.26, 4819.75, 2.49023, 4818.5, 3146, 342, 10223, 15720, 2162475, 0.02, -0.248693
555, 4778.04, 3759, 4809.17, 4838.29, 29.1201, 4823.73, 3161, 343, 9487, 10828, 2162475, 0.01, -0.30902
556, 5072.29, 3609, 4915.35, 4930.68, 15.3301, 4923.02, 3175, 344, 10185, 7376, 2162475, 0.01, -0.368127
557, 4636.82, 5540, 4627.85, 4636.38, 8.52979, 4632.12, 3140, 353, 6262, 9258, 2162475, 0.01, -0.425782
558, 4466.59, 5151, 4502.55, 4614.58, 112.03, 4558.56, 3126, 354, 4778, 9245, 2162475, 0.01, -0.481756
559, 4482.2, 5185, 4475.24, 4477.96, 2.71973, 4476.6, 3109, 366, 4837, 11572, 2162475, 0.01, -0.535829
560, 4309.8, 2268, 4316.12, 4372.14, 56.02, 4344.13, 3017, 372, 10297, 12131, 2162475, 0.01, -0.587788
561, 4161.6, 3133, 4193.61, 4346.5, 152.89, 4270.05, 2999, 373, 9684, 10133, 2162475, 0.01, -0.637426
562, 4025.75, 6115, 4028.49, 4046.89, 18.3999, 4037.69, 2955, 375, 5709, 9605, 2162475, 0.01, -0.684549
563, 4156.7, 2562, 4155.95, 4156.7, 0.75, 4156.33, 2969, 381, 9125, 12273, 2162475, 0.01, -0.728971
564, 4190.32, 4080, 4102.77, 4190.32, 87.5498, 4146.54, 2976, 395, 11044, 16470, 2162475, 0.01, -0.770515
565, 4206.69, 5218, 4169, 4206.69, 37.6899, 4187.84, 2986, 407, 14449, 16439, 2162475, 0.01, -0.809019
566, 4203.43, 5567, 4182.4, 4215.36, 32.96, 4198.88, 2987, 423, 10335, 18832, 2162475, 0.01, -0.84433
567, 4008.91, 3282, 4005.21, 4007.27, 2.06006, 4006.24, 2980, 440, 12517, 18986, 2162475, 0.01, -0.876308
568, 4132.83, 5069, 4000.62, 4132.83, 132.21, 4066.73, 2979, 442, 11115, 18052, 2162475, 0.01, -0.904828
569, 4179.53, 4993, 4179.53, 4211.68, 32.1504, 4195.6, 2994, 446, 13745, 19058, 2162475, 0.01, -0.929778
570, 3897.1, 7900, 3983.88, 3991.85, 7.97021, 3987.86, 2979, 457, 8253, 19076, 2162475, 0.06, -0.951057
571, 4141.81, 2086, 4074.02, 4144.73, 70.71, 4109.38, 2991, 457, 8935, 21691, 2162475, 0.06, -0.968584
572, 4106.11, 3075, 4106.11, 4131.61, 25.5, 4118.86, 3002, 471, 9392, 22330, 2162475, 0.06, -0.982288
573, 4156.65, 1994, 4152.86, 4156.65, 3.79004, 4154.75, 3015, 480, 15513, 25301, 2162475, 0.06, -0.992115
574, 4093.21, 4826, 4057.99, 4093.21, 35.22, 4075.6, 3024, 481, 13977, 24059, 2162475, 0.06, -0.998027
575, 3990.75, 6994, 3990.75, 4032.87, 42.1201, 4011.81, 3021, 492, 9562, 25746, 2162482, 0.06, -1
576, 3919.8, 3311, 3930.93, 3939.63, 8.69995, 3935.28, 2980, 497, 7173, 22982, 2162482, 0.06, -0.998027
577, 4023.9, 2468, 3974.28, 4023.9, 49.6199, 3999.09, 2988, 502, 7395, 26299, 2162482, 0.06, -0.992114
578, 4057.51, 3255, 4057.51, 4126.04, 68.53, 4091.77, 3002, 505, 9003, 23988, 2162482, 0.06, -0.982287
579, 4028.67, 2113, 4024.92, 4028.67, 3.75, 4026.79, 3009, 511, 9266, 16344, 2162482, 0.06, -0.968582
580, 3909.49, 5545, 3910.11, 3916.54, 6.42993, 3913.33, 2982, 519, 5559, 18214, 2162482, 0.06, -0.951055
581, 3627.75, 8448, 3640.54, 3652.51, 11.97, 3646.52, 2900, 523, 1487, 17171, 2162482, 0.06, -0.929775
582, 3419.23, 3194, 3405.32, 3418.82, 13.5, 3412.07, 2860, 532, 934, 16907, 2162482, 0.06, -0.904826
583, 3334.03, 3045, 3346.42, 3396.74, 50.3201, 3371.58, 2857, 536, 7997, 15743, 2162482, 0.06, -0.876305
584, 3283.99, 5873, 3302.17, 3318.74, 16.5701, 3310.46, 2861, 542, 6687, 14738, 2162482, 0.06, -0.844326
585, 3134.26, 2732, 3132.68, 3133.12, 0.440186, 3132.9, 2779, 553, 6418, 18391, 2162482, 0.12, -0.809015
586, 3085.17, 2187, 3102.3, 3113.76, 11.46, 3108.03, 2748, 566, 9691, 20589, 2162482, 0.12, -0.770511
587, 3040.33, 5034, 3091.51, 3133.12, 41.6101, 3112.31, 2750, 573, 11450, 17103, 2162482, 0.12, -0.728966
588, 2989.7, 12571, 2996, 3037.75, 41.75, 3016.88, 2655, 571, 6282, 14770, 2162482, 0.12, -0.684545
589, 2949.43, 4258, 2971.3, 3000.19, 28.8899, 2985.75, 2636, 576, 9539, 14378, 2162482, 0.12, -0.637421
590, 2804.64, 5794, 2853.95, 2867.05, 13.1001, 2860.5, 2474, 584, 13044, 12453, 2162482, 0.12, -0.587782
591, 3091.45, 6032, 2995.72, 3091.45, 95.73, 3043.58, 2491, 575, 13973, 9896, 2162482, 0.12, -0.535824
592, 2973.62, 1743, 2973.62, 2977.83, 4.20996, 2975.73, 2492, 592, 14962, 12475, 2162482, 0.12, -0.48175
593, 3036.99, 4024, 2969.6, 3036.99, 67.3899, 3003.29, 2498, 603, 14993, 11902, 2162482, 0.12, -0.425776
594, 2967.36, 3443, 2967.36, 2973.82, 6.45996, 2970.59, 2507, 610, 16580, 15695, 2162482, 0.12, -0.368121
595, 3062.82, 5418, 2974.38, 3062.82, 88.4402, 3018.6, 2517, 612, 17851, 13620, 2162482, 0.12, -0.309013
596, 3062.82, 3251, 3042.09, 3062.82, 20.73, 3052.46, 2524, 624, 19751, 21792, 2162482, 0.12, -0.248686
597, 3075.38, 6765, 3007.39, 3010.18, 2.79004, 3008.78, 2534, 627, 22210, 19635, 2162482, 0.12, -0.187378
598, 2942.87, 6737, 2942.87, 2953.08, 10.21, 2947.98, 2528, 643, 17875, 23137, 2162482, 0.12, -0.125333
599, 2932.1, 3279, 2932.1, 2976.13, 44.0298, 2954.11, 2539, 648, 17479, 24037, 2162482, 0.12, -0.0627905
600, 2921.78, 5998, 2921.78, 2951.28, 29.5, 2936.53, 2546, 658, 6253, 26476, 3243723, 0.15, 9.5399e-08
601, 2755.27, 11447, 2747.97, 2748.28, 0.310059, 2748.12, 2452, 664, 8, 31717, 3243723, 0.15, 0.0627906
602, 2428.15, 1841, 2459.76, 2477.41, 17.6499, 2468.58, 2426, 675, 2863, 36522, 3243723, 0.15, 0.125333
603, 2299.07, 5755, 2309.37, 2335.74, 26.3699, 2322.56, 2383, 676, 3272, 34610, 3243723, 0.15, 0.187381
604, 2263.51, 3248, 2272.16, 2280.68, 8.52002, 2276.42, 2373, 680, 2923, 32747, 3243723, 0.15, 0.24869
605, 2555.42, 1114, 2555.42, 2573.86, 18.4402, 2564.64, 2388, 680, 4409, 31884, 3243723, 0.15, 0.309017
606, 2643.48, 2209, 2609.12, 2725.97, 116.85, 2667.54, 2400, 678, 7996, 22163, 3243723, 0.15, 0.368125
607, 2722.17, 4274, 2744.49, 2748.2, 3.70996, 2746.34, 2409, 685, 10649, 21889, 3243723, 0.15, 0.42578
608, 2746, 2703, 2746, 2791.99, 45.99, 2769, 2418, 690, 12740, 18149, 3243723, 0.15, 0.481754
609, 2733.1, 8301, 2709.38, 2791.99, 82.6101, 2750.69, 2430, 695, 11974, 18759, 3243723, 0.15, 0.535827
610, 2627.9, 6221, 2627.9, 2707.18, 79.28, 2667.54, 2419, 703, 10356, 18374, 3243723, 0.15, 0.587786
611, 2681.92, 5973, 2565.69, 2569.55, 3.86011, 2567.62, 2408, 715, 7788, 15128, 3243723, 0.15, 0.637424
612, 2566.25, 3463, 2554.28, 2566.25, 11.97, 2560.27, 2413, 729, 7511, 15115, 3243723, 0.15, 0.684547
613, 2479.3, 6127, 2479.3, 2510.28, 30.98, 2494.79, 2398, 746, 5441, 18072, 3243723, 0.15, 0.728969
614, 2391.15, 3718, 2391.15, 2399.11, 7.96021, 2395.13, 2389, 758, 8176, 19429, 3243723, 0.15, 0.770514
615, 2418.76, 3705, 2390.07, 2418.76, 28.6899, 2404.42, 2400, 766, 7843, 31136, 3243723, 0.12, 0.809017
616, 2418.76, 1416, 2417.15, 2418.76, 1.61011, 2417.96, 2416, 781, 14352, 33651, 3243723, 0.12, 0.844328
617, 2356.08, 7091, 2378.61, 2390.9, 12.2898, 2384.75, 2419, 784, 9335, 33259, 3243723, 0.12, 0.876307
618, 2351.67, 1865, 2353.29, 2381, 27.71, 2367.15, 2421, 794, 9018, 31414, 3243723, 0.12, 0.904827
619, 2418.76, 5887, 2411.4, 2418.76, 7.36011, 2415.08, 2434, 813, 9922, 31168, 3243723, 0.12, 0.929777
620, 2418.76, 3069, 2399.15, 2418.76, 19.6101, 2408.96, 2447, 824, 14206, 29315, 3243723, 0.12, 0.951057
621, 2447.01, 7550, 2366.99, 2447.01, 80.02, 2407, 2454, 811, 14734, 23660, 3243723, 0.12, 0.968583
622, 2432.07, 7472, 2427.33, 2442.33, 15, 2434.83, 2463, 803, 14609, 16904, 3243723, 0.12, 0.982287
623, 2194.97, 3761, 2350.05, 2351.01, 0.959961, 2350.53, 2457, 816, 12678, 21240, 3243723, 0.12, 0.992115
624, 2334.24, 5343, 2335.15, 2346.45, 11.3, 2340.8, 2452, 835, 11281, 25950, 3243723, 0.12, 0.998027
625, 2325.47, 3031, 2325.47, 2325.48, 0.0100098, 2325.48, 2445, 853, 8499, 23715, -3243725, 0.12, 1
626, 2202.66, 8540, 2193.08, 2193.13, 0.0498047, 2193.1, 2308, 861, 5613, 23763, -3243725, 0.12, 0.998027
627, 1843.34, 7605, 1831.05, 1833.23, 2.17993, 1832.14, 1994, 886, 4887, 30387, -3243725, 0.12, 0.992115
628, 1801.03, 3434, 1822.99, 1833.23, 10.24, 1828.11, 2002, 889, 17416, 30496, -3243725, 0.12, 0.982287
629, 1771.68, 4997, 1775.2, 1804.13, 28.9301, 1789.67, 2002, 898, 16813, 28545, -3243725, 0.12, 0.968583
630, 1842, 4636, 1840.71, 1861.79, 21.0801, 1851.25, 2018, 895, 18621, 25925, -3243725, 0.06, 0.951056
631, 1743.55, 2120, 1756.08, 1762.37, 6.29004, 1759.22, 2006, 901, 18473, 28721, -3243725, 0.06, 0.929776
632, 1805.21, 2195, 1797.17, 1837.42, 40.25, 1817.3, 2021, 905, 20322, 27850, -3243725, 0.06, 0.904827
633, 1756.08, 8678, 1756.08, 1792.77, 36.6901, 1774.43, 2022, 915, 16253, 27815, -3243725, 0.06, 0.876306
634, 1761.74, 4910, 1756.08, 1761.74, 5.66003, 1758.91, 2032, 935, 13046, 25462, -3243725, 0.06, 0.844327
635, 1748.32, 6449, 1748.32, 1795.62, 47.3, 1771.97, 2047, 940, 18284, 19318, -3243725, 0.06, 0.809016
636, 1775.05, 3575, 1772.23, 1775.05, 2.82007, 1773.64, 2067, 950, 21265, 23428, -3243725, 0.06, 0.770513
637, 1797.85, 5342, 1772.79, 1799.23, 26.4399, 1786.01, 2063, 961, 20796, 18960, -3243725, 0.06, 0.728968
638, 1808.23, 2879, 1801.45, 1808.23, 6.78003, 1804.84, 2069, 969, 18613, 19584, -3243725, 0.06, 0.684546
639, 1832.43, 9376, 1794.4, 1832.43, 38.03, 1813.42, 2082, 962, 17487, 31054, -3243725, 0.06, 0.637423
640, 1794.4, 2563, 1810.97, 1815.13, 4.16003, 1813.05, 2098, 964, 20282, 34672, -3243725, 0.06, 0.587784
641, 1781.34, 7778, 1767.72, 1781.34, 13.62, 1774.53, 2098, 979, 17094, 30643, -3243725, 0.06, 0.535826
642, 1762.05, 4345, 1762.05, 1803.2, 41.1499, 1782.62, 2104, 990, 22570, 31993, -3243725, 0.06, 0.481753
643, 1816.34, 1825, 1781.48, 1816.34, 34.86, 1798.91, 2124, 994, 32714, 30077, -3243725, 0.06, 0.425778
644, 1807.15, 2030, 1807.14, 1807.15, 0.0100098, 1807.15, 2140, 995, 36294, 29791, -3243725, 0.06, 0.368123
645, 1825.28, 7205, 1825.28, 1834.46, 9.17993, 1829.87, 2125, 1000, 26759, 33259, -3243725, 0.01, 0.309016
646, 1900.16, 8341, 1870.95, 1878.24, 7.29004, 1874.59, 2128, 942, 25776, 29138, -3243725, 0.01, 0.248689
647, 1911.29, 5128, 1803.7, 1896.47, 92.77, 1850.08, 2123, 928, 24632, 30647, -3243725, 0.01, 0.18738
648, 1892.65, 3779, 1892.65, 1896.47, 3.81995, 1894.56, 2140, 940, 26568, 33310, -3243725, 0.01, 0.125332
649, 1846, 3338, 1804.18, 1833.68, 29.5, 1818.93, 2133, 962, 27316, 20698, -3243725, 0.01, 0.0627892
650, 1816.33, 3868, 1816.33, 1834.29, 17.9601, 1825.31, 2139, 974, 27255, 21921, 4865588, 0.01, -1.37491e-06
651, 1875.82, 2495, 1839.14, 1875.82, 36.6799, 1857.48, 2152, 974, 34150, 21355, 4865588, 0.01, -0.0627919
652, 1866.39, 1484, 1853.24, 1866.39, 13.15, 1859.81, 2171, 986, 30906, 24590, 4865588, 0.01, -0.125335
653, 1836.89, 6167, 1859.49, 1869.2, 9.70996, 1864.34, 2183, 994, 20050, 24385, 4865588, 0.01, -0.187383
654, 1927.87, 9511, 1882.24, 1899.02, 16.78, 1890.63, 2183, 980, 20556, 27611, 4865588, 0.01, -0.248691
655, 1937.15, 4030, 1908.36, 1919.81, 11.4501, 1914.08, 2195, 956, 23137, 24571, 4865588, 0.01, -0.309018
656, 1925.89, 7500, 1926.32, 1926.41, 0.0900879, 1926.36, 2207, 953, 30613, 21308, 4865588, 0.01, -0.368126
657, 1929.38, 6420, 1920.3, 1928.11, 7.80994, 1924.21, 2207, 957, 27997, 17246, 4865588, 0.01, -0.425781
658, 2008.57, 3361, 1890.3, 1938.99, 48.6899, 1914.65, 2212, 957, 29015, 14486, 4865588, 0.01, -0.481755
659, 1964.2, 3002, 1890.3, 1947.47, 57.1699, 1918.89, 2216, 962, 26478, 12972, 4865588, 0.01, -0.535828
660, 1875.33, 5452, 1875.33, 1894.7, 19.37, 1885.01, 2222, 985, 19320, 22434, 4865588, 0.02, -0.587787
661, 1820.93, 9522, 1820.93, 1869.45, 48.5199, 1845.19, 2196, 1000, 12118, 23065, 4865588, 0.02, -0.637425
662, 1889.77, 1234, 1861.39, 1889.77, 28.38, 1875.58, 2213, 1004, 15547, 22963, 4865588, 0.02, -0.684548
663, 1855.35, 4005, 1855.35, 1889.77, 34.42, 1872.56, 2221, 1014, 17597, 23829, 4865588, 0.02, -0.72897
664, 1900.13, 4748, 1873.62, 1900.13, 26.51, 1886.88, 2225, 1022, 16638, 22651, 4865588, 0.02, -0.770514
665, 1821.97, 4734, 1822.37, 1843.63, 21.26, 1833, 2220, 1030, 14941, 26155, 4865588, 0.02, -0.809018
666, 1799, 5979, 1820.34, 1843.63, 23.29, 1831.98, 2230, 1042, 12383, 26224, 4865588, 0.02, -0.844329
667, 1852.2, 5390, 1820.34, 1852.2, 31.86, 1836.27, 2241, 1048, 20652, 23114, 4865588, 0.02, -0.876308
668, 1849.97, 2904, 1844.54, 1849.97, 5.42993, 1847.26, 2256, 1065, 26766, 23624, 4865588, 0.02, -0.904828
669, 1770.32, 14614, 1796.65, 1805.23, 8.57996, 1800.94, 2223, 1071, 20704, 23512, 4865588, 0.02, -0.929777
670, 1784.41, 5070, 1785.96, 1829.32, 43.36, 1807.64, 2208, 1073, 19479, 18127, 4865588, 0.02, -0.951057
671, 1798.23, 7323, 1798.23, 1847.96, 49.73, 1823.09, 2214, 1083, 22653, 28903, 4865588, 0.02, -0.968584
672, 1798.2, 4556, 1786.4, 1823.8, 37.4, 1805.1, 2221, 1098, 22091, 43504, 4865588, 0.02, -0.982288
673, 1760.95, 6682, 1763.69, 1776.47, 12.78, 1770.08, 2181, 1111, 18317, 49294, 4865588, 0.02, -0.992115
674, 1813.05, 4561, 1813.85, 1829.64, 15.79, 1821.74, 2191, 1112, 23301, 41483, 4865588, 0.02, -0.998027
675, 1832.33, 3666, 1825.63, 1832.33, 6.69995, 1828.98, 2207, 1121, 26642, 40375, 4865598, 0.08, -1
676, 1823.72, 4868, 1786.45, 1835.31, 48.8601, 1810.88, 2217, 1123, 23823, 40636, 4865598, 0.08, -0.998027
677, 1842.65, 2073, 1842.03, 1842.65, 0.619995, 1842.34, 2227, 1132, 23532, 41392, 4865598, 0.08, -0.992114
678, 1842.65, 1236, 1833.63, 1842.65, 9.02002, 1838.14, 2236, 1144, 23088, 43241, 4865598, 0.08, -0.982287
679, 1790.26, 5927, 1781.58, 1790.26, 8.68005, 1785.92, 2243, 1155, 23835, 44844, 4865598, 0.08, -0.968583
680, 1820.88, 9747, 1794.55, 1820.88, 26.33, 1807.72, 2245, 1159, 20695, 48920, 4865598, 0.08, -0.951056
681, 1808.62, 3823, 1808.62, 1819.05, 10.4301, 1813.83, 2260, 1170, 23796, 33926, 4865598, 0.08, -0.929776
682, 1765.15, 11764, 1764.61, 1803.45, 38.84, 1784.03, 2249, 1177, 16673, 32971, 4865598, 0.08, -0.904826
683, 1728.66, 2803, 1761.74, 1797.8, 36.0601, 1779.77, 2250, 1194, 16383, 37385, 4865598, 0.08, -0.876306
684, 1719.73, 8097, 1757.42, 1810.67, 53.25, 1784.05, 2242, 1197, 16748, 33128, 4865598, 0.08, -0.844327
685, 1721.95, 4236, 1737.86, 1764.71, 26.85, 1751.28, 2178, 1201, 10998, 31891, 4865598, 0.08, -0.809016
686, 1769.06, 2248, 1769.06, 1826.53, 57.47, 1797.8, 2187, 1198, 11581, 26896, 4865598, 0.08, -0.770512
687, 1763.87, 1905, 1761.7, 1763.87, 2.17004, 1762.78, 2198, 1216, 11254, 35140, 4865598, 0.08, -0.728967
688, 1733.67, 3869, 1733.4, 1733.45, 0.0499268, 1733.43, 2182, 1219, 17530, 34527, 4865598, 0.08, -0.684545
689, 1697.82, 5645, 1697.07, 1697.58, 0.51001, 1697.32, 2072, 1229, 14155, 40969, 4865598, 0.08, -0.637422
690, 1660.82, 5249, 1670.58, 1681.77, 11.1901, 1676.18, 2024, 1246, 12042, 40596, 4865598, 0.14, -0.587783
691, 1638.24, 9773, 1631.52, 1631.54, 0.0200195, 1631.53, 1999, 1250, 5344, 40199, 4865598, 0.14, -0.535825
692, 1508.79, 2642, 1506.62, 1507.28, 0.660034, 1506.95, 1872, 1269, 9047, 32039, 4865598, 0.14, -0.481752
693, 1486.12, 5833, 1500.33, 1506.5, 6.17004, 1503.42, 1882, 1273, 11932, 33085, 4865598, 0.14, -0.425777
694, 1495.87, 6696, 1498.78, 1506.5, 7.71997, 1502.64, 1892, 1280, 11979, 34617, 4865598, 0.14, -0.368122
695, 1506.5, 6741, 1501.6, 1506.5, 4.90002, 1504.05, 1907, 1301, 10339, 38949, 4865598, 0.14, -0.309015
696, 1494.86, 6497, 1496.58, 1500.24, 3.66003, 1498.41, 1916, 1297, 11055, 35684, 4865598, 0.14, -0.248687
697, 1463.73, 2169, 1474.27, 1477.94, 3.66992, 1476.1, 1901, 1304, 13715, 28232, 4865598, 0.14, -0.187379
698, 1515.65, 8299, 1540.78, 1543.06, 2.28003, 1541.92, 1923, 1288, 19487, 17647, 4865598, 0.14, -0.125331
699, 1529.98, 8660, 1499.11, 1529.98, 30.87, 1514.54, 1925, 1273, 22440, 7971, 4865598, 0.14, -0.0627879
700, 1560.05, 2648, 1538.35, 1554.33, 15.98, 1546.34, 1934, 1281, 33603, 8693, 7298397, 0.14, 2.65443e-06
701, 1521.73, 2414, 1512.33, 1557.52, 45.1901, 1534.93, 1941, 1290, 38314, 10791, 7298397, 0.14, 0.0627932
702, 1446.75, 17988, 1448.21, 1484.62, 36.41, 1466.42, 1869, 1302, 23416, 10220, 7298397, 0.14, 0.125336
703, 1480.11, 2507, 1467.29, 1470.64, 3.34998, 1468.97, 1876, 1314, 21911, 31985, 7298397, 0.14, 0.187384
704, 1480.11, 12289, 1463.19, 1480.11, 16.92, 1471.65, 1888, 1324, 22320, 24749, 7298397, 0.14, 0.248693
705, 1467.1, 4499, 1467.1, 1480.11, 13.01, 1473.6, 1903, 1335, 24150, 22441, 7298397, 0.15, 0.30902
706, 1409.84, 8537, 1423.27, 1427.62, 4.34998, 1425.45, 1826, 1341, 29566, 27145, 7298397, 0.15, 0.368127
707, 1427.62, 7066, 1423.27, 1427.62, 4.34998, 1425.45, 1843, 1357, 21445, 34838, 7298397, 0.15, 0.425782
708, 1424.9, 6485, 1424.9, 1427.62, 2.71997, 1426.26, 1860, 1371, 29530, 33795, 7298397, 0.15, 0.481756
709, 1427.62, 4130, 1424.9, 1427.62, 2.71997, 1426.26, 1873, 1386, 29496, 35652, 7298397, 0.15, 0.535829
710, 1391.21, 16146, 1394.08, 1422.23, 28.15, 1408.16, 1789, 1396, 16820, 35718, 7298397, 0.15, 0.587788
711, 1361.68, 7712, 1366.66, 1369.98, 3.31995, 1368.32, 1715, 1408, 15901, 34455, 7298397, 0.15, 0.637426
712, 1302.1, 4416, 1301.72, 1301.77, 0.0500488, 1301.74, 1635, 1423, 13269, 43699, 7298397, 0.15, 0.684549
713, 1192.86, 11552, 1193.21, 1201.82, 8.60999, 1197.51, 1532, 1435, 11718, 40018, 7298397, 0.15, 0.728971
714, 1218.57, 3878, 1211.75, 1256.94, 45.1899, 1234.34, 1545, 1435, 13448, 34185, 7298397, 0.15, 0.770515
715, 1179.88, 7949, 1182.2, 1194.44, 12.24, 1188.32, 1513, 1438, 10242, 32663, 7298397, 0.15, 0.809019
716, 1221.79, 5781, 1213.7, 1221.79, 8.09009, 1217.74, 1529, 1443, 10422, 33474, 7298397, 0.15, 0.84433
717, 1239.18, 3178, 1230.98, 1239.18, 8.20007, 1235.08, 1533, 1457, 11792, 28845, 7298397, 0.15, 0.876308
718, 1184.42, 3159, 1184.42, 1236.23, 51.8099, 1210.32, 1532, 1465, 16987, 30238, 7298397, 0.15, 0.904828
719, 1179.12, 7242, 1179.38, 1186.97, 7.58997, 1183.18, 1534, 1475, 41706, 27066, 7298397, 0.15, 0.929778
720, 1134.52, 7563, 1141.75, 1144.65, 2.90002, 1143.2, 1471, 1481, 48562, 23940, 7298397, 0.1, 0.951057
721, 1123.46, 18784, 1127.07, 1144.65, 17.5801, 1135.86, 1469, 1482, 36372, 22023, 7298397, 0.1, 0.968584
722, 1140.73, 5957, 1139.22, 1140.73, 1.51001, 1139.97, 1475, 1482, 38351, 11396, 7298397, 0.1, 0.982288
723, 1209.28, 5778, 1142.7, 1209.28, 66.5801, 1175.99, 1490, 1476, 36731, 12655, 7298397, 0.1, 0.992115
724, 1154.21, 5804, 1162.94, 1173.77, 10.8301, 1168.35, 1499, 1491, 38379, 22640, 7298397, 0.1, 0.998027
725, 1145.11, 2611, 1144.52, 1145.11, 0.589966, 1144.81, 1511, 1504, 45115, 23494, -7298422, 0.1, 1
726, 1144.52, 1944, 1144.52, 1148.84, 4.31995, 1146.68, 1526, 1514, 48471, 23839, -7298422, 0.1, 0.998026
727, 1173.41, 4373, 1165.98, 1173.41, 7.43005, 1169.7, 1542, 1515, 54972, 22704, -7298422, 0.1, 0.992114
728, 1155.13, 5865, 1155.13, 1159.02, 3.89001, 1157.07, 1538, 1526, 52415, 25649, -7298422, 0.1, 0.982287
729, 1148.71, 3403, 1142.16, 1158.23, 16.0699, 1150.2, 1545, 1538, 48135, 25911, -7298422, 0.1, 0.968582
730, 1173.77, 5966, 1146.89, 1173.77, 26.88, 1160.33, 1552, 1535, 39726, 27841, -7298422, 0.1, 0.951055
731, 1184.4, 9105, 1178.95, 1184.4, 5.45007, 1181.68, 1573, 1538, 40498, 21211, -7298422, 0.1, 0.929775
732, 1178.86, 4321, 1174.36, 1178.86, 4.5, 1176.61, 1588, 1540, 39427, 32898, -7298422, 0.1, 0.904826
733, 1189, 3412, 1163.61, 1189, 25.39, 1176.3, 1602, 1551, 51484, 30816, -7298422, 0.1, 0.876305
734, 1171.96, 3977, 1171.96, 1180.27, 8.31006, 1176.11, 1624, 1564, 60714, 29849, -7298422, 0.1, 0.844326
735, 1174.07, 10324, 1168.03, 1174.07, 6.03992, 1171.05, 1628, 1579, 46657, 30976, -7298422, 0.04, 0.809015
736, 1185.79, 5805, 1185.79, 1189, 3.20996, 1187.4, 1641, 1587, 48844, 33555, -7298422, 0.04, 0.770511
737, 1168.03, 5491, 1168.03, 1189, 20.97, 1178.52, 1644, 1606, 40294, 33818, -7298422, 0.04, 0.728966
738, 1185.6, 3061, 1164.84, 1185.6, 20.76, 1175.22, 1651, 1616, 42624, 33983, -7298422, 0.04, 0.684544
739, 1173.07, 4526, 1173.07, 1188.04, 14.9701, 1180.55, 1670, 1628, 37145, 59202, -7298422, 0.04, 0.637421
740, 1189, 3462, 1163.5, 1189, 25.5, 1176.25, 1676, 1642, 31853, 57094, -7298422, 0.04, 0.587782
741, 1211.24, 13767, 1199.25, 1210.91, 11.66, 1205.08, 1683, 1576, 37815, 46099, -7298422, 0.04, 0.535824
742, 1192.72, 4103, 1192.72, 1201.78, 9.06006, 1197.25, 1691, 1598, 34997, 49946, -7298422, 0.04, 0.48175
743, 1203.5, 5908, 1203.5, 1210.91, 7.41003, 1207.21, 1707, 1610, 32664, 52138, -7298422, 0.04, 0.425776
744, 1183.61, 10275, 1188.4, 1201.62, 13.22, 1195.01, 1708, 1627, 25519, 63604, -7298422, 0.04, 0.368121
745, 1201.62, 8803, 1195.56, 1201.62, 6.05994, 1198.59, 1727, 1643, 27201, 63734, -7298422, 0.04, 0.309013
746, 1195.56, 5678, 1195.56, 1209.87, 14.3099, 1202.72, 1747, 1647, 28517, 56684, -7298422, 0.04, 0.248686
747, 1209.87, 4554, 1183.62, 1198.86, 15.24, 1191.24, 1754, 1665, 43443, 57232, -7298422, 0.04, 0.187378
748, 1210.91, 9110, 1175.34, 1210.91, 35.5701, 1193.12, 1742, 1671, 35786, 62860, -7298422, 0.04, 0.125329
749, 1180.6, 3466, 1180.6, 1194.59, 13.99, 1187.59, 1758, 1684, 41492, 50153, -7298422, 0.04, 0.0627866
750, 1206.8, 5829, 1203.67, 1204.92, 1.25, 1204.3, 1771, 1693, 41264, 48593, 10947633, 0.01, -3.93395e-06
751, 1225.65, 12539, 1194.89, 1218.89, 24, 1206.89, 1779, 1652, 37705, 44664, 10947633, 0.01, -0.0627945
752, 1244.54, 9977, 1198.57, 1225.4, 26.8301, 1211.98, 1780, 1633, 37310, 41158, 10947633, 0.01, -0.125337
753, 1231.05, 2930, 1194.77, 1226.3, 31.53, 1210.54, 1787, 1638, 43649, 48221, 10947633, 0.01, -0.187385
754, 1226.3, 6508, 1194.77, 1226.3, 31.53, 1210.54, 1798, 1647, 39917, 36559, 10947633, 0.01, -0.248694
755, 1226.3, 22002, 1200.05, 1226.3, 26.25, 1213.18, 1803, 1660, 30819, 36454, 10947633, 0.01, -0.309021
756, 1159.5, 15041, 1159.19, 1159.28, 0.0900879, 1159.23, 1743, 1670, 19550, 45592, 10947633, 0.01, -0.368128
757, 1155.02, 5878, 1158.73, 1159.28, 0.550049, 1159.01, 1749, 1681, 25657, 54590, 10947633, 0.01, -0.425783
758, 1156.42, 4089, 1158.02, 1159.28, 1.26001, 1158.65, 1762, 1693, 32928, 72368, 10947633, 0.01, -0.481757
759, 1142.56, 3834, 1142.68, 1146.15, 3.46997, 1144.42, 1688, 1700, 33393, 75881, 10947633, 0.01, -0.53583
760, 1130.65, 9028, 1130.7, 1144.48, 13.78, 1137.59, 1630, 1706, 28985, 78192, 10947633, 0.01, -0.587789
761, 1117.71, 3793, 1117.71, 1117.93, 0.220093, 1117.82, 1566, 1715, 30027, 88666, 10947633, 0.01, -0.637427
762, 1069.55, 6558, 1083.18, 1098.3, 15.12, 1090.74, 1472, 1720, 29883, 84360, 10947633, 0.01, -0.68455
763, 1149.24, 2553, 1144.84, 1149.24, 4.40002, 1147.04, 1492, 1731, 44554, 72507, 10947633, 0.01, -0.728972
764, 1149.24, 3410, 1145.85, 1149.24, 3.39001, 1147.54, 1509, 1749, 49956, 74718, 10947633, 0.01, -0.770516
765, 1152.29, 9903, 1133.93, 1152.29, 18.36, 1143.11, 1515, 1757, 47854, 71724, 10947633, 0.04, -0.80902
766, 1117.79, 6736, 1117.79, 1140.27, 22.48, 1129.03, 1514, 1766, 58275, 63978, 10947633, 0.04, -0.84433
767, 1122.3, 4068, 1122.3, 1152.75, 30.45, 1137.53, 1523, 1771, 41956, 54302, 10947633, 0.04, -0.876309
768, 1112.7, 3320, 1112.7, 1122.45, 9.75, 1117.57, 1525, 1781, 42173, 41614, 10947633, 0.04, -0.904829
769, 1128.23, 2008, 1125.43, 1149.79, 24.36, 1137.61, 1534, 1789, 40809, 45160, 10947633, 0.04, -0.929777
770, 1110.58, 3313, 1110.58, 1131.65, 21.0701, 1121.11, 1544, 1807, 37274, 61193, 10947633, 0.04, -0.951057
771, 1110.58, 16720, 1110.58, 1133.9, 23.3201, 1122.24, 1555, 1823, 30859, 57174, 10947633, 0.04, -0.968583
772, 1110.4, 6078, 1110.4, 1115.98, 5.57996, 1113.19, 1564, 1832, 30618, 52712, 10947633, 0.04, -0.982287
773, 1154.6, 8632, 1103.5, 1154.6, 51.1, 1129.05, 1552, 1820, 19354, 51463, 10947633, 0.04, -0.992115
774, 1135.38, 5272, 1135.38, 1155.86, 20.48, 1145.62, 1564, 1828, 27319, 47746, 10947633, 0.04, -0.998027
775, 1158.49, 3966, 1156.42, 1157.18, 0.76001, 1156.8, 1574, 1837, 37803, 49627, 10947641, 0.04, -1
776, 1160.73, 9028, 1147.59, 1158.26, 10.67, 1152.93, 1577, 1843, 38411, 43546, 10947641, 0.04, -0.998027
777, 1163.49, 15638, 1156.76, 1162.9, 6.14001, 1159.83, 1584, 1833, 33113, 36993, 10947641, 0.04, -0.992115
778, 1173.28, 6526, 1158.72, 1164.74, 6.02002, 1161.73, 1593, 1840, 36632, 31153, 10947641, 0.04, -0.982287
779, 1187.5, 11888, 1187.65, 1187.79, 0.140015, 1187.72, 1598, 1751, 37234, 18865, 10947641, 0.04, -0.968583
780, 1146.8, 5713, 1146.8, 1174.16, 27.36, 1160.48, 1600, 1762, 33544, 22893, 10947641, 0.1, -0.951056
781, 1191.81, 4122, 1185.64, 1191.58, 5.93994, 1188.61, 1604, 1772, 33168, 28207, 10947641, 0.1, -0.929776
782, 1201.03, 5697, 1179.96, 1193.9, 13.9401, 1186.93, 1616, 1771, 44705, 27973, 10947641, 0.1, -0.904827
783, 1241.23, 15567, 1236.49, 1240.6, 4.10999, 1238.54, 1625, 1631, 43575, 15834, 10947641, 0.1, -0.876306
784, 1194.69, 7696, 1194.69, 1196.4, 1.71008, 1195.54, 1633, 1654, 54493, 23380, 10947641, 0.1, -0.844327
785, 1215.52, 14830, 1168, 1215.52, 47.52, 1191.76, 1629, 1662, 36034, 29580, 10947641, 0.1, -0.809016
786, 1223.28, 14374, 1188.83, 1223.28, 34.4501, 1206.05, 1640, 1666, 40589, 19195, 10947641, 0.1, -0.770513
787, 1198.52, 4627, 1198.52, 1216.67, 18.15, 1207.59, 1657, 1681, 46898, 23205, 10947641, 0.1, -0.728968
788, 1252.87, 8848, 1224.71, 1242.5, 17.79, 1233.6, 1670, 1654, 48606, 16432, 10947641, 0.1, -0.684546
789, 1216.4, 2295, 1220.38, 1229.36, 8.97998, 1224.87, 1679, 1669, 50207, 20414, 10947641, 0.1, -0.637423
790, 1272.77, 8715, 1220.38, 1257.22, 36.84, 1238.8, 1685, 1573, 52460, 17103, 10947641, 0.1, -0.587784
791, 1294.3, 5728, 1289.1, 1291.65, 2.55005, 1290.38, 1694, 1503, 52904, 14565, 10947641, 0.1, -0.535826
792, 1334.07, 6233, 1289.1, 1320.04, 30.9401, 1304.57, 1699, 1486, 34476, 14275, 10947641, 0.1, -0.481753
793, 1298.19, 3755, 1298.19, 1325.5, 27.3101, 1311.84, 1715, 1493, 46763, 26104, 10947641, 0.1, -0.425778
794, 1312.45, 5239, 1312.45, 1325.5, 13.05, 1318.97, 1731, 1498, 38221, 24357, 10947641, 0.1, -0.368123
795, 1325.5, 7473, 1323.53, 1325.5, 1.96997, 1324.52, 1745, 1517, 37195, 27334, 10947641, 0.15, -0.309016
796, 1319.26, 8650, 1279, 1325.5, 46.5, 1302.25, 1736, 1529, 40452, 33624, 10947641, 0.15, -0.248689
797, 1307.98, 5249, 1266.71, 1279.98, 13.27, 1273.34, 1728, 1545, 31576, 41027, 10947641, 0.15, -0.18738
798, 1323.15, 6687, 1304.34, 1323.15, 18.8101, 1313.74, 1740, 1547, 29913, 42804, 10947641, 0.15, -0.125332
799, 1263.68, 6137, 1263.68, 1276.67, 12.99, 1270.18, 1740, 1560, 26531, 46559, 10947641, 0.15, -0.0627891
800, 1327.56, 9225, 1310.35, 1327.36, 17.01, 1318.85, 1742, 1560, 25038, 37882, 16421462, 0.15, 1.39876e-06
801, 1391.17, 24003, 1391.74, 1393.04, 1.30005, 1392.39, 1749, 1455, 29290, 17113, 16421462, 0.15, 0.0627919
802, 1393.04, 6854, 1391.74, 1393.04, 1.30005, 1392.39, 1764, 1473, 34843, 13539, 16421462, 0.15, 0.125335
803, 1391.74, 2935, 1391.74, 1393.04, 1.30005, 1392.39, 1775, 1489, 28907, 23444, 16421462, 0.15, 0.187383
804, 1395.45, 5604, 1394.08, 1394.93, 0.850098, 1394.51, 1784, 1503, 28195, 25833, 16421462, 0.15, 0.248691
805, 1394.93, 1893, 1391.32, 1394.93, 3.61011, 1393.12, 1792, 1518, 31488, 39085, 16421462, 0.15, 0.309018
806, 1389.87, 7616, 1389.87, 1394.93, 5.06006, 1392.4, 1809, 1527, 25934, 34584, 16421462, 0.15, 0.368126
807, 1378.85, 5971, 1378.85, 1394.84, 15.99, 1386.84, 1807, 1539, 24367, 36081, 16421462, 0.15, 0.425781
808, 1411.84, 10781, 1409.91, 1410.57, 0.659912, 1410.24, 1814, 1518, 30006, 28545, 16421462, 0.15, 0.481755
809, 1430.36, 5283, 1415.11, 1422.95, 7.83997, 1419.03, 1826, 1511, 33028, 37253, 16421462, 0.15, 0.535828
810, 1441.36, 11970, 1411.05, 1426.51, 15.46, 1418.78, 1826, 1511, 30746, 32373, 16421462, 0.14, 0.587787
811, 1442.58, 13946, 1411.05, 1439.61, 28.5599, 1425.33, 1830, 1499, 29766, 32936, 16421462, 0.14, 0.637425
812, 1483.43, 13389, 1443.84, 1475.45, 31.61, 1459.65, 1831, 1430, 25658, 31463, 16421462, 0.14, 0.684548
813, 1532.4, 18004, 1491.72, 1523.79, 32.0701, 1507.76, 1839, 1382, 25183, 21337, 16421462, 0.14, 0.72897
814, 1507.16, 6291, 1485.94, 1507.16, 21.2201, 1496.55, 1843, 1391, 30527, 23528, 16421462, 0.14, 0.770514
815, 1502.29, 10310, 1458.01, 1502.29, 44.28, 1480.15, 1835, 1401, 22004, 28939, 16421462, 0.14, 0.809018
816, 1412.9, 6463, 1406.44, 1412.9, 6.46008, 1409.67, 1838, 1411, 26223, 31704, 16421462, 0.14, 0.844329
817, 1457.17, 6239, 1411.56, 1457.17, 45.61, 1434.36, 1847, 1411, 26108, 34380, 16421462, 0.14, 0.876308
818, 1419.2, 3199, 1416.78, 1419.2, 2.41992, 1417.99, 1860, 1426, 22635, 34126, 16421462, 0.14, 0.904828
819, 1478.55, 6908, 1478.55, 1502.29, 23.74, 1490.42, 1869, 1410, 28379, 28172, 16421462, 0.14, 0.929777
820, 1424.31, 4234, 1424.31, 1445.84, 21.5299, 1435.07, 1873, 1426, 28261, 24516, 16421462, 0.14, 0.951057
821, 1445.87, 5690, 1415.45, 1456.54, 41.0901, 1435.99, 1882, 1431, 39193, 22231, 16421462, 0.14, 0.968584
822, 1519.94, 8134, 1506.86, 1521.77, 14.91, 1514.31, 1900, 1417, 42959, 10592, 16421462, 0.14, 0.982288
823, 1537.39, 8422, 1486.76, 1535.09, 48.33, 1510.93, 1902, 1403, 46630, 6079, 16421462, 0.14, 0.992115
824, 1454.05, 9044, 1454.05, 1484.26, 30.21, 1469.16, 1901, 1414, 46817, 5656, 16421462, 0.14, 0.998027
825, 1439.4, 4336, 1434.16, 1439.9, 5.73999, 1437.03, 1906, 1425, 48304, 18078, -16421495, 0.08, 1
826, 1429.14, 9540, 1429.14, 1442.56, 13.42, 1435.85, 1921, 1438, 35022, 17207, -16421495, 0.08, 0.998027
827, 1432.15, 5781, 1419.77, 1443.24, 23.47, 1431.51, 1929, 1431, 37191, 15662, -16421495, 0.08, 0.992114
828, 1446.67, 6870, 1437.17, 1446.67, 9.5, 1441.92, 1936, 1433, 35980, 19231, -16421495, 0.08, 0.982287
829, 1506.57, 11030, 1499.22, 1506.57, 7.34998, 1502.9, 1954, 1429, 38134, 16415, -16421495, 0.08, 0.968583
830, 1475.7, 5525, 1475.7, 1500.98, 25.28, 1488.34, 1966, 1446, 41421, 18657, -16421495, 0.08, 0.951056
831, 1572.34, 18024, 1472.87, 1538.32, 65.45, 1505.59, 1972, 1424, 28534, 8688, -16421495, 0.08, 0.929776
832, 1499.48, 6777, 1499.48, 1514.66, 15.1801, 1507.07, 1989, 1441, 34317, 21873, -16421495, 0.08, 0.904826
833, 1582.45, 14164, 1567.86, 1577.19, 9.32996, 1572.52, 1994, 1347, 38119, 12315, -16421495, 0.08, 0.876306
834, 1526.45, 11063, 1499.48, 1526.45, 26.97, 1512.96, 2006, 1360, 34640, 15563, -16421495, 0.08, 0.844327
835, 1517.7, 4675, 1499.48, 1517.7, 18.22, 1508.59, 2026, 1373, 44854, 20434, -16421495, 0.08, 0.809016
836, 1512.45, 3544, 1512.45, 1517.7, 5.25, 1515.07, 2038, 1388, 48214, 21659, -16421495, 0.08, 0.770512
837, 1496.45, 8049, 1496.45, 1526.85, 30.4, 1511.65, 2053, 1391, 43419, 19359, -16421495, 0.08, 0.728967
838, 1532.74, 3909, 1532.74, 1543.02, 10.28, 1537.88, 2069, 1390, 60588, 17849, -16421495, 0.08, 0.684545
839, 1512.47, 5328, 1512.47, 1554.74, 42.27, 1533.6, 2079, 1392, 58223, 22701, -16421495, 0.08, 0.637422
840, 1519.64, 4251, 1519.64, 1523.19, 3.54993, 1521.42, 2091, 1400, 55742, 23881, -16421495, 0.02, 0.587783
841, 1512.47, 6205, 1512.47, 1531.36, 18.89, 1521.92, 2096, 1398, 55841, 23928, -16421495, 0.02, 0.535825
842, 1544.85, 5079, 1544.85, 1547.86, 3.01001, 1546.35, 2107, 1391, 62074, 14409, -16421495, 0.02, 0.481752
843, 1540.12, 6426, 1540.12, 1560.62, 20.5, 1550.37, 2129, 1396, 71611, 17407, -16421495, 0.02, 0.425777
844, 1576.9, 5350, 1544.33, 1577.09, 32.76, 1560.71, 2133, 1408, 65589, 18682, -16421495, 0.02, 0.368122
845, 1582.7, 6357, 1567.17, 1578.57, 11.3999, 1572.87, 2138, 1411, 58542, 14705, -16421495, 0.02, 0.309015
846, 1565.77, 2565, 1565.77, 1568.47, 2.69995, 1567.12, 2151, 1427, 52316, 17348, -16421495, 0.02, 0.248687
847, 1598.14, 15792, 1513.91, 1593.97, 80.0599, 1553.94, 2135, 1381, 44704, 11680, -16421495, 0.02, 0.187379
848, 1597.08, 3987, 1594.44, 1595.54, 1.1001, 1594.99, 2147, 1387, 28736, 13352, -16421495, 0.02, 0.125331
849, 1628.56, 4468, 1596.69, 1597.35, 0.660034, 1597.02, 2149, 1391, 27549, 12921, -16421495, 0.02, 0.0627879
850, 1614.09, 6805, 1613.26, 1613.77, 0.51001, 1613.52, 2155, 1371, 26129, 10649, 24632242, 0.02, -2.67828e-06
851, 1619.3, 5077, 1598.98, 1615.28, 16.3, 1607.13, 2156, 1383, 24823, 11199, 24632242, 0.02, -0.0627932
852, 1590.28, 3502, 1590.28, 1615.82, 25.5399, 1603.05, 2173, 1394, 26480, 23478, 24632242, 0.02, -0.125336
853, 1635.49, 6178, 1635.74, 1636.37, 0.630005, 1636.05, 2187, 1367, 20085, 22464, 24632242, 0.02, -0.187384
854, 1689.13, 12511, 1671.49, 1686.64, 15.15, 1679.06, 2190, 1330, 20047, 16118, 24632242, 0.02, -0.248693
855, 1686.64, 9410, 1680.66, 1686.64, 5.97998, 1683.65, 2205, 1342, 42451, 13118, 24632242, 0.01, -0.30902
856, 1751.18, 11229, 1743.29, 1744.03, 0.73999, 1743.66, 2219, 1291, 42942, 6312, 24632242, 0.01, -0.368127
857, 1790.62, 8228, 1781.83, 1789.38, 7.55005, 1785.6, 2229, 1254, 42747, 6448, 24632242, 0.01, -0.425782
858, 1903.63, 8165, 1859.56, 1867.15, 7.58997, 1863.35, 2246, 1142, 46090, 5395, 24632242, 0.01, -0.481756
859, 1880.67, 5015, 1881, 1881.24, 0.23999, 1881.12, 2254, 1121, 51696, 9587, 24632242, 0.01, -0.535829
860, 1982.29, 6059, 1944.39, 1975.01, 30.62, 1959.7, 2261, 971, 53891, 10568, 24632242, 0.01, -0.587788
861, 1930.57, 4476, 1924.3, 1930.57, 6.2699, 1927.44, 2268, 986, 53250, 14299, 24632242, 0.01, -0.637426
862, 1942.68, 4904, 1942.68, 1959.92, 17.24, 1951.3, 2278, 994, 45219, 16281, 24632242, 0.01, -0.684549
863, 1954.56, 1825, 1942.95, 1954.56, 11.6101, 1948.76, 2292, 1002, 47133, 17760, 24632242, 0.01, -0.728971
864, 2061.79, 12767, 2033.69, 2038.84, 5.15002, 2036.26, 2315, 938, 54219, 10704, 24632242, 0.01, -0.770515
865, 2023.39, 6102, 2023.39, 2038.22, 14.83, 2030.8, 2328, 950, 35635, 9996, 24632242, 0.01, -0.809019
866, 2082.54, 7647, 2046.71, 2052.5, 5.79004, 2049.6, 2347, 945, 43973, 8111, 24632242, 0.01, -0.84433
867, 2063.01, 2850, 2053.15, 2061.06, 7.91016, 2057.1, 2356, 955, 43774, 13965, 24632242, 0.01, -0.876308
868, 2022.35, 5478, 2022.35, 2027.59, 5.23999, 2024.97, 2364, 972, 35631, 26903, 24632242, 0.01, -0.904828
869, 2005.57, 5147, 2005.57, 2027.59, 22.02, 2016.58, 2364, 985, 26609, 27132, 24632242, 0.01, -0.929778
870, 2027.59, 7588, 2010.5, 2027.59, 17.09, 2019.04, 2357, 999, 31308, 24882, 24632242, 0.06, -0.951057
871, 2024.65, 5796, 1971.89, 2024.65, 52.76, 1998.27, 2360, 1007, 31961, 26320, 24632242, 0.06, -0.968584
872, 2024.34, 3579, 2024.34, 2038.98, 14.64, 2031.66, 2369, 1015, 32729, 33351, 24632242, 0.06, -0.982288
873, 1967.59, 8675, 1967.59, 1970.64, 3.05005, 1969.11, 2375, 1013, 32035, 30209, 24632242, 0.06, -0.992115
874, 1985.84, 3240, 1984.9, 1985.84, 0.939941, 1985.37, 2391, 1021, 32470, 33061, 24632242, 0.06, -0.998027
875, 2010.71, 4042, 2010.71, 2017.76, 7.05005, 2014.23, 2410, 1027, 35247, 31114, 24632324, 0.06, -1
876, 2018.01, 3519, 2006.02, 2017.44, 11.4199, 2011.73, 2427, 1035, 34577, 28254, 24632324, 0.06, -0.998026
877, 2008.94, 1662, 1999.07, 2008.94, 9.87, 2004, 2446, 1044, 38269, 26349, 24632324, 0.06, -0.992114
878, 2026.53, 6135, 2026.53, 2030.66, 4.13, 2028.59, 2462, 1051, 38333, 20142, 24632324, 0.06, -0.982287
879, 2059.25, 11114, 2014.02, 2059.25, 45.23, 2036.64, 2470, 1047, 38320, 17125, 24632324, 0.06, -0.968582
880, 2081.72, 11365, 2083.03, 2083.5, 0.469971, 2083.27, 2467, 1015, 36722, 17625, 24632324, 0.06, -0.951055
881, 2092.06, 12637, 2092.77, 2093.4, 0.629883, 2093.08, 2469, 999, 33427, 15193, 24632324, 0.06, -0.929775
882, 2126.15, 4872, 2088.14, 2097.4, 9.26001, 2092.77, 2480, 1007, 45649, 25733, 24632324, 0.06, -0.904826
883, 2097.77, 3875, 2079.03, 2097.77, 18.74, 2088.4, 2491, 1022, 39680, 36615, 24632324, 0.06, -0.876305
884, 2119.7, 6240, 2079.03, 2113.81, 34.78, 2096.42, 2491, 1008, 36208, 34641, 24632324, 0.06, -0.844326
885, 2145.28, 24387, 2065.66, 2131.96, 66.3, 2098.81, 2486, 985, 26857, 22657, 24632324, 0.12, -0.809015
886, 2075.69, 6707, 2066.21, 2075.69, 9.47998, 2070.95, 2497, 993, 30032, 26437, 24632324, 0.12, -0.770511
887, 2063.57, 12606, 2102.14, 2106.74, 4.6001, 2104.44, 2516, 997, 26546, 30418, 24632324, 0.12, -0.728966
888, 2030.81, 9128, 2030.81, 2031.32, 0.509888, 2031.06, 2501, 1009, 19972, 36419, 24632324, 0.12, -0.684544
889, 2085.35, 8486, 2064.27, 2085.35, 21.0801, 2074.81, 2515, 1017, 21702, 39093, 24632324, 0.12, -0.637421
890, 2036.2, 3456, 2032.18, 2036.2, 4.0199, 2034.19, 2523, 1034, 15521, 43116, 24632324, 0.12, -0.587782
891, 2119.21, 13240, 2116.14, 2116.27, 0.130127, 2116.21, 2536, 1021, 24601, 36425, 24632324, 0.12, -0.535824
892, 2130.23, 4899, 2119.84, 2130.23, 10.3899, 2125.04, 2544, 1026, 23823, 35404, 24632324, 0.12, -0.48175
893, 2153.04, 10968, 2153.78, 2154.42, 0.639893, 2154.1, 2548, 1002, 35621, 24527, 24632324, 0.12, -0.425776
894, 2160.43, 4734, 2161.7, 2161.77, 0.0700684, 2161.73, 2562, 1007, 47040, 26186, 24632324, 0.12, -0.368121
895, 2172.69, 9157, 2161.7, 2169.04, 7.34009, 2165.37, 2570, 1011, 44194, 23022, 24632324, 0.12, -0.309013
896, 2196.8, 16138, 2199.13, 2199.48, 0.350098, 2199.3, 2573, 967, 43131, 12336, 24632324, 0.12, -0.248686
897, 2266.51, 10749, 2242.54, 2255.43, 12.8899, 2248.98, 2581, 921, 43498, 5793, 24632324, 0.12, -0.187377
898, 2381.53, 4758, 2340.28, 2374.68, 34.3999, 2357.48, 2589, 883, 43159, 3893, 24632324, 0.12, -0.125329
899, 2424.49, 5972, 2426.57, 2427.7, 1.12988, 2427.14, 2599, 864, 49989, 3705, 24632324, 0.12, -0.0627866
900, 2462.82, 5248, 2426.57, 2441.3, 14.73, 2433.94, 2611, 870, 52652, 6077, 36948488, 0.15, 3.9578e-06
901, 2490.79, 6058, 2449.06, 2466.47, 17.4099, 2457.77, 2613, 871, 43944, 12350, 36948488, 0.15, 0.0627945
902, 2553.32, 5293, 2495.37, 2553.18, 57.8098, 2524.27, 2618, 802, 46009, 12828, 36948488, 0.15, 0.125337
903, 2700.08, 7513, 2669.62, 2694.15, 24.5298, 2681.89, 2633, 752, 39098, 8621, 36948488, 0.15, 0.187385
904, 2941.16, 5689, 2815.14, 2928.25, 113.11, 2871.69, 2638, 685, 30840, 8738, 36948488, 0.15, 0.248694
905, 2778.31, 4531, 2825, 2937.09, 112.09, 2881.04, 2647, 689, 37823, 9153, 36948488, 0.15, 0.309021
906, 2799.61, 6695, 2778.31, 2799.61, 21.3, 2788.96, 2653, 707, 43582, 19003, 36948488, 0.15, 0.368128
907, 2806.27, 6209, 2806.27, 2808.85, 2.58008, 2807.56, 2672, 724, 48475, 18205, 36948488, 0.15, 0.425783
908, 2763.49, 11639, 2763.49, 2794.96, 31.47, 2779.23, 2677, 714, 44900, 17500, 36948488, 0.15, 0.481757
909, 2781.38, 5637, 2841.25, 2919.16, 77.9099, 2880.21, 2690, 700, 40359, 14853, 36948488, 0.15, 0.53583
910, 2883.27, 1283, 2883.27, 2915.18, 31.9099, 2899.23, 2707, 718, 41600, 16828, 36948488, 0.15, 0.587789
911, 2881.02, 5288, 2868.64, 2881.02, 12.3801, 2874.83, 2726, 730, 42563, 11885, 36948488, 0.15, 0.637427
912, 2908.6, 7290, 2908.6, 2935.49, 26.8899, 2922.04, 2735, 731, 44982, 9974, 36948488, 0.15, 0.68455
913, 3308.38, 11396, 3309.3, 3350.55, 41.25, 3329.93, 2743, 560, 41584, 9782, 36948488, 0.15, 0.728972
914, 3588.22, 5545, 3535.52, 3561.64, 26.1199, 3548.58, 2760, 548, 41282, 13331, 36948488, 0.15, 0.770516
915, 3676.94, 5659, 3646.17, 3669.48, 23.3101, 3657.82, 2764, 547, 40203, 10725, 36948488, 0.12, 0.80902
916, 3750.09, 3800, 3691.36, 3728.66, 37.2998, 3710.01, 2772, 549, 38731, 14460, 36948488, 0.12, 0.84433
917, 3666.72, 2943, 3666.72, 3728.66, 61.9399, 3697.69, 2786, 563, 33682, 17470, 36948488, 0.12, 0.876309
918, 3591.7, 6133, 3591.7, 3697.44, 105.74, 3644.57, 2782, 572, 30014, 20502, 36948488, 0.12, 0.904829
919, 3770.77, 16773, 3728.23, 3767.14, 38.9099, 3747.69, 2789, 565, 25715, 10845, 36948488, 0.12, 0.929778
920, 3844.09, 7703, 3758.94, 3813.36, 54.4202, 3786.15, 2804, 561, 19367, 8168, 36948488, 0.12, 0.951058
921, 3731.6, 4929, 3692.15, 3731.6, 39.4502, 3711.88, 2804, 572, 18850, 8217, 36948488, 0.12, 0.968584
922, 3955.21, 11706, 3881.12, 3934.08, 52.96, 3907.6, 2813, 552, 15901, 2745, 36948488, 0.12, 0.982288
923, 4216.36, 8620, 4086.48, 4208.74, 122.26, 4147.61, 2816, 498, 13524, 1332, 36948488, 0.12, 0.992115
924, 4627.28, 4421, 4653.32, 4658.47, 5.15039, 4655.9, 2837, 371, 22712, 930, 36948488, 0.12, 0.998027
925, 4694.1, 1641, 4695.32, 4699.06, 3.74023, 4697.19, 2844, 375, 25810, 1500, -36948660, 0.12, 1
926, 4729.84, 4399, 4679.21, 4719.7, 40.4902, 4699.46, 2847, 382, 27630, 1775, -36948660, 0.12, 0.998026
927, 5349.82, 4202, 5392.62, 5411.53, 18.9097, 5402.08, 2861, 306, 32057, 93, -36948660, 0.12, 0.992114
928, 5601.4, 4465, 5623.16, 5638.72, 15.5601, 5630.94, 2870, 308, 31311, 8463, -36948660, 0.12, 0.982286
929, 5820.04, 7212, 5725.19, 5773.52, 48.3301, 5749.35, 2871, 305, 32317, 6569, -36948660, 0.12, 0.968582
930, 5366.63, 4003, 5332.01, 5421.25, 89.2402, 5376.63, 2878, 313, 31019, 8231, -36948660, 0.06, 0.951055
931, 5451.45, 3698, 5451.45, 5523.7, 72.25, 5487.58, 2882, 324, 28465, 11864, -36948660, 0.06, 0.929775
932, 5572.42, 1894, 5548.11, 5572.42, 24.3101, 5560.26, 2899, 318, 28734, 11885, -36948660, 0.06, 0.904825
933, 5643.22, 2094, 5596.33, 5643.22, 46.8901, 5619.78, 2911, 331, 31522, 16408, -36948660, 0.06, 0.876304
934, 5714.42, 3589, 5596.33, 5714.42, 118.09, 5655.38, 2925, 335, 24685, 21649, -36948660, 0.06, 0.844325
935, 5780.41, 6424, 5711.69, 5779.93, 68.2402, 5745.81, 2941, 335, 24055, 17526, -36948660, 0.06, 0.809014
936, 5703.55, 5326, 5631.03, 5703.55, 72.52, 5667.29, 2949, 349, 22516, 15997, -36948660, 0.06, 0.77051
937, 5907.45, 2513, 5788.67, 5804.68, 16.0103, 5796.67, 2961, 343, 20363, 17407, -36948660, 0.06, 0.728965
938, 5817, 3816, 5675.32, 5817, 141.68, 5746.16, 2963, 354, 21544, 9574, -36948660, 0.06, 0.684543
939, 5685.51, 4547, 5679.81, 5685.51, 5.69971, 5682.66, 2975, 374, 25541, 14764, -36948660, 0.06, 0.637423
940, 5678.21, 5319, 5631.03, 5678.21, 47.1802, 5654.62, 2982, 392, 23831, 16459, -36948660, 0.06, 0.587784
941, 5550.79, 4885, 5550.79, 5666.65, 115.86, 5608.72, 2976, 404, 19615, 17165, -36948660, 0.06, 0.535826
942, 5666.65, 3634, 5548.79, 5666.65, 117.86, 5607.72, 2972, 410, 18027, 17646, -36948660, 0.06, 0.481753
943, 5700.03, 6080, 5700.03, 5701.68, 1.65039, 5700.85, 2985, 397, 18148, 13567, -36948660, 0.06, 0.425778
944, 5679.27, 3821, 5679.27, 5748.19, 68.9199, 5713.73, 2999, 399, 16634, 8754, -36948660, 0.06, 0.368123
945, 5789.15, 1456, 5797.24, 5805.54, 8.2998, 5801.39, 3021, 410, 25908, 10321, -36948660, 0.01, 0.309016
946, 6074.92, 2216, 5806.43, 5817.85, 11.4199, 5812.14, 3031, 412, 24601, 9774, -36948660, 0.01, 0.248689
947, 5916.76, 3612, 5886.38, 5916.45, 30.0703, 5901.42, 3036, 355, 27073, 8299, -36948660, 0.01, 0.18738
948, 6153.47, 6256, 6165.53, 6167.73, 2.2002, 6166.63, 3040, 258, 27175, 4331, -36948660, 0.01, 0.125332
949, 5922.81, 1295, 5813.24, 5883.54, 70.2998, 5848.39, 3046, 272, 27004, 5655, -36948660, 0.01, 0.0627891
950, 5852.9, 2696, 5852.9, 5972.08, 119.18, 5912.49, 3062, 281, 28802, 7188, 55422992, 0.01, -1.42261e-06
951, 5835.28, 2903, 5835.28, 5837.76, 2.47998, 5836.52, 3074, 300, 28896, 14748, 55422992, 0.01, -0.062792
952, 5936.99, 3898, 5932.63, 5936.99, 4.36035, 5934.81, 3077, 302, 28910, 15780, 55422992, 0.01, -0.125335
953, 6020.06, 6993, 6020.06, 6044.77, 24.71, 6032.42, 3089, 306, 29282, 13807, 55422992, 0.01, -0.187383
954, 6067.88, 6625, 5997.66, 6067.88, 70.2197, 6032.77, 3102, 314, 32256, 12478, 55422992, 0.01, -0.248691
955, 6155.66, 5396, 5983.95, 6155.66, 171.71, 6069.81, 3117, 296, 25177, 9780, 55422992, 0.01, -0.309018
956, 6248.04, 3839, 6220.7, 6224.24, 3.54004, 6222.47, 3123, 255, 25043, 8008, 55422992, 0.01, -0.368126
957, 6321.35, 3569, 6284.3, 6291.44, 7.14014, 6287.87, 3131, 212, 24260, 5508, 55422992, 0.01, -0.425781
958, 6860.5, 6514, 6737.9, 6804.56, 66.6602, 6771.23, 3139, 53, 26921, 2403, 55422992, 0.01, -0.481755
959, 6921.53, 4208, 7009.56, 7020.69, 11.1299, 7015.12, 3149, 42, 21660, 2262, 55422992, 0.01, -0.535828
960, 7182.92, 7110, 7105.46, 7137.45, 31.9902, 7121.46, 3145, 28, 24848, 6042, 55422992, 0.02, -0.587787
961, 7614.84, 2373, 7271.05, 7532.45, 261.4, 7401.75, 3154, 18, 26892, 10947, 55422992, 0.02, -0.637425
962, 7437.19, 1415, 7437.19, 7482.17, 44.98, 7459.68, 3165, 29, 26862, 14222, 55422992, 0.02, -0.684548
963, 7576.11, 3856, 7576.11, 7698.83, 122.72, 7637.47, 3180, 28, 27737, 15056, 55422992, 0.02, -0.72897
964, 7788.44, 5828, 7735.84, 7788.44, 52.6001, 7762.14, 3174, 24, 23988, 17224, 55422992, 0.02, -0.770514
965, 7742.78, 3652, 7696.31, 7742.78, 46.4697, 7719.54, 3184, 37, 24312, 20030, 55422992, 0.02, -0.809018
966, 7758.39, 2415, 7678.22, 7708.59, 30.3696, 7693.41, 3192, 53, 25925, 23490, 55422992, 0.02, -0.844329
967, 7668.07, 4913, 7615.63, 7668.07, 52.4399, 7641.85, 3199, 64, 26313, 22804, 55422992, 0.02, -0.876308
968, 7613.98, 2114, 7668.97, 7687.15, 18.1797, 7678.06, 3209, 80, 32286, 25008, 55422992, 0.02, -0.904828
969, 7751.2, 1709, 7554.14, 7751.2, 197.06, 7652.67, 3220, 83, 33255, 25278, 55422992, 0.02, -0.929777
970, 7619.21, 2376, 7615.18, 7619.21, 4.02979, 7617.2, 3225, 97, 26073, 24261, 55422992, 0.02, -0.951057
971, 7796.04, 5470, 7735.35, 7796.04, 60.6899, 7765.7, 3231, 87, 23141, 24919, 55422992, 0.02, -0.968584
972, 7632.12, 7519, 7490.43, 7632.12, 141.69, 7561.28, 3234, 94, 25487, 20786, 55422992, 0.02, -0.982288
973, 7779.91, 871, 7715.06, 7779.91, 64.8501, 7747.49, 3247, 99, 27414, 19266, 55422992, 0.02, -0.992115
974, 7783.2, 3360, 7783.2, 7800.74, 17.54, 7791.97, 3262, 107, 27652, 18929, 55422992, 0.02, -0.998027
975, 7783.49, 2697, 7727.28, 7783.49, 56.2104, 7755.38, 3274, 124, 26451, 19046, 55423104, 0.08, -1
976, 7649.9, 3040, 7649.9, 7673.05, 23.1499, 7661.47, 3275, 138, 23674, 16827, 55423104, 0.08, -0.998027
977, 7628.88, 3786, 7628.88, 7847.2, 218.32, 7738.04, 3281, 135, 25684, 14905, 55423104, 0.08, -0.992114
978, 7871.03, 2831, 7871.47, 7875.29, 3.81982, 7873.38, 3287, 139, 22508, 13444, 55423104, 0.08, -0.982287
979, 8083.07, 8770, 7911.54, 8014.58, 103.04, 7963.06, 3290, 87, 22705, 9249, 55423104, 0.08, -0.968583
980, 8103.76, 4877, 8003.98, 8087.11, 83.1299, 8045.54, 3298, 64, 23404, 7967, 55423104, 0.08, -0.951056
981, 8472.73, 6295, 8477.11, 8484.23, 7.12012, 8480.67, 3304, 32, 24370, 4926, 55423104, 0.08, -0.929776
982, 8468.05, 6590, 8468.05, 8565.29, 97.2402, 8516.67, 3317, 46, 21787, 8127, 55423104, 0.08, -0.904826
983, 8757.75, 6485, 8765.06, 8771, 5.94043, 8768.03, 3324, 40, 17482, 4200, 55423104, 0.08, -0.876306
984, 8348.67, 4181, 8348.67, 8430.71, 82.04, 8389.69, 3323, 46, 20754, 4113, 55423104, 0.08, -0.844327
985, 8863.12, 6371, 8800.96, 8863.12, 62.1602, 8832.04, 3332, 44, 19321, 4984, 55423104, 0.08, -0.809016
986, 8289.82, 6180, 8289.82, 8530.65, 240.83, 8410.24, 3325, 56, 14058, 9453, 55423104, 0.08, -0.770512
987, 8382.15, 3397, 8324.41, 8365.4, 40.9902, 8344.91, 3337, 65, 16240, 11004, 55423104, 0.08, -0.728967
988, 8585.63, 6402, 8585.63, 8608.12, 22.4902, 8596.88, 3352, 77, 12552, 13582, 55423104, 0.08, -0.684545
989, 8464.91, 1506, 8428.19, 8464.91, 36.7197, 8446.55, 3363, 87, 17672, 11952, 55423104, 0.08, -0.637422
990, 8803.92, 4444, 8618.17, 8800.96, 182.79, 8709.56, 3378, 74, 22198, 9845, 55423104, 0.14, -0.587783
991, 8656.25, 1065, 8656.25, 8722.9, 66.6504, 8689.58, 3386, 87, 23072, 14790, 55423104, 0.14, -0.535825
992, 8700.21, 4354, 8498.43, 8700.21, 201.78, 8599.32, 3389, 95, 22405, 17454, 55423104, 0.14, -0.481751
993, 8451.39, 3551, 8447.85, 8451.39, 3.54004, 8449.62, 3392, 113, 30238, 19068, 55423104, 0.14, -0.425777
994, 8447.85, 2638, 8447.85, 8461.07, 13.2207, 8454.46, 3403, 122, 35812, 20722, 55423104, 0.14, -0.368122
995, 8742.04, 4945, 8659.57, 8742.04, 82.4697, 8700.8, 3414, 124, 34548, 20933, 55423104, 0.14, -0.309015
996, 8441.85, 3830, 8433.78, 8441.85, 8.06934, 8437.81, 3417, 139, 36161, 23244, 55423104, 0.14, -0.248687
997, 8514.97, 4790, 8514.97, 8552.46, 37.4902, 8533.71, 3429, 147, 29720, 22200, 55423104, 0.14, -0.187379
998, 8552.46, 2638, 8514.97, 8552.46, 37.4902, 8533.71, 3445, 164, 31100, 19317, 55423104, 0.14, -0.125331
999, 8522.34, 1026, 8475.42, 8522.34, 46.9199, 8498.88, 3454, 178, 25790, 21895, 55423104, 0.14, -0.0627878
1000, 8478.96, 4849, 8478.96, 8502.43, 23.4697, 8490.7, 3464, 194, 27119, 22338, 83134656, 0.14, 2.70213e-06
